id,lon,lat,depth_m,mea_ug_kg_orig
1169,12.498515,44.911262,5.0,114.0
1589,12.498515,44.911262,5.0,422.0
9577,14.035094,43.812991,5.0,22.0
9578,14.035094,43.812991,5.0,23.0
9579,14.035094,43.812991,5.0,23.0
9580,14.035094,43.812991,5.0,28.0
9581,14.035094,43.812991,5.0,32.0
9582,14.035094,43.812991,5.0,33.0
9583,14.035094,43.812991,5.0,34.0
9584,14.035094,43.812991,5.0,37.0
9585,14.035094,43.812991,5.0,48.0
9586,14.035094,43.812991,5.0,63.0
9587,14.035094,43.812991,5.0,64.0
9588,14.035094,43.812991,5.0,71.0
9589,14.035094,43.812991,5.0,76.0
9590,14.035094,43.812991,5.0,82.0
9591,14.035094,43.812991,5.0,106.0
9592,14.035094,43.812991,5.0,186.0
12050,15.883,43.733,8.0,4.0
12051,15.883,43.733,8.0,4.0
12052,15.883,43.733,8.0,6.0
12053,15.883,43.733,8.0,13.0
12054,15.883,43.733,8.0,15.0
12056,15.883,43.733,8.0,18.0
12071,15.854717,43.788714,8.0,2.0
12072,15.854717,43.788714,8.0,2.0
12073,15.854717,43.788714,8.0,3.0
12074,15.854717,43.788714,8.0,3.0
12075,15.854717,43.788714,8.0,5.0
12076,15.854717,43.788714,8.0,9.0
12077,15.854717,43.788714,8.0,10.0
12078,15.854717,43.788714,8.0,12.0
12079,15.854717,43.788714,8.0,16.0
12080,15.854717,43.788714,8.0,18.0
12137,13.987855999999999,44.896574,0.5,12.0
12139,13.987855999999999,44.896574,0.5,16.0
12143,13.987855999999999,44.896574,0.5,20.0
12144,13.987855999999999,44.896574,0.5,20.0
12187,14.055473000000001,45.009483,0.5,12.0
12188,14.055473000000001,45.009483,0.5,16.0
12189,14.055473000000001,45.009483,0.5,16.0
12190,14.055473000000001,45.009483,0.5,24.0
12284,14.55,45.183,1.0,38.0
12289,14.55,45.183,1.0,50.0
12295,14.55,45.183,1.0,80.0
12297,14.55,45.183,1.0,87.0
12322,14.3,45.317,1.0,29.0
12332,14.3,45.317,1.0,33.0
12338,14.3,45.317,1.0,38.0
12339,14.3,45.317,1.0,51.0
13490,12.344444000000001,44.393333,0.0,20.0
13491,12.344444000000001,44.393333,0.0,20.0
13492,12.344444000000001,44.393333,0.0,30.0
13493,12.344444000000001,44.393333,0.0,40.0
13494,12.344444000000001,44.393333,0.0,130.0
13495,12.356944,44.405278,10.0,500.0
13496,12.356944,44.405278,10.0,1274.0
13497,12.356944,44.405278,10.0,4500.0
13498,13.688332999999998,43.393333,5.0,1700.0
13499,13.688332999999998,43.393333,5.0,1900.0
13500,13.688332999999998,43.393333,5.0,2160.0
13501,13.688332999999998,43.393333,5.0,2170.0
13502,13.688332999999998,43.393333,5.0,2400.0
13503,13.688332999999998,43.393333,5.0,2590.0
13504,13.688332999999998,43.393333,5.0,3060.0
13505,13.688332999999998,43.393333,5.0,3600.0
13506,13.688332999999998,43.393333,5.0,3800.0
13507,13.688332999999998,43.393333,5.0,4600.0
13508,13.688332999999998,43.393333,5.0,5600.0
13509,13.688332999999998,43.393333,5.0,7100.0
13510,13.688332999999998,43.393333,5.0,2700.0
13511,13.688332999999998,43.393333,5.0,2800.0
13512,13.688332999999998,43.393333,5.0,7200.0
13513,13.668610999999999,45.739167,12.0,1730.0
13514,13.668610999999999,45.739167,12.0,2440.0
13515,13.668610999999999,45.739167,12.0,3500.0
13516,13.668610999999999,45.739167,12.0,7800.0
13517,13.668610999999999,45.739167,12.0,8500.0
13518,13.668610999999999,45.739167,12.0,14730.0
13519,13.668610999999999,45.739167,12.0,22710.0
13520,13.596667000000002,45.758333,10.0,930.0
13521,13.596667000000002,45.758333,10.0,1755.0
13522,13.596667000000002,45.758333,10.0,2200.0
13523,13.596667000000002,45.758333,10.0,2590.0
13524,13.596667000000002,45.758333,10.0,2600.0
13525,13.596667000000002,45.758333,10.0,2600.0
13526,13.596667000000002,45.758333,10.0,2680.0
13527,13.596667000000002,45.758333,10.0,3100.0
13528,13.596667000000002,45.758333,10.0,3170.0
13529,13.596667000000002,45.758333,10.0,3300.0
13530,13.596667000000002,45.758333,10.0,3880.0
13531,13.596667000000002,45.758333,10.0,4585.0
13532,13.596667000000002,45.758333,0.0,93.0
13533,13.596667000000002,45.758333,0.0,178.0
13534,13.596667000000002,45.758333,0.0,220.0
13535,13.596667000000002,45.758333,0.0,261.0
13536,13.596667000000002,45.758333,0.0,535.0
13537,16.890832999999997,41.117778,4.0,100.0
13538,16.890832999999997,41.117778,4.0,130.0
13539,16.890832999999997,41.117778,4.0,160.0
13540,16.890832999999997,41.117778,4.0,210.0
13541,16.890832999999997,41.117778,4.0,590.0
13542,16.890832999999997,41.117778,4.0,650.0
13543,16.890832999999997,41.117778,4.0,1040.0
13544,16.890832999999997,41.117778,4.0,1230.0
13545,16.890832999999997,41.117778,4.0,1240.0
13546,16.890832999999997,41.117778,4.0,1600.0
13547,16.890832999999997,41.117778,4.0,2100.0
13548,16.890832999999997,41.117778,4.0,4346.0
13549,16.890832999999997,41.117778,4.0,6900.0
13550,16.890832999999997,41.117778,4.0,8400.0
13551,16.890832999999997,41.117778,0.0,90.0
13552,16.890832999999997,41.117778,0.0,104.0
13553,16.890832999999997,41.117778,0.0,123.0
13554,16.890832999999997,41.117778,0.0,188.0
13555,16.890832999999997,41.117778,0.0,430.0
13556,16.283333,41.328333,0.0,0.03
13557,16.283333,41.328333,0.0,0.07
13558,16.24,41.339444,4.0,140.0
13559,16.24,41.339444,4.0,150.0
13560,16.24,41.339444,4.0,320.0
13561,16.24,41.339444,4.0,570.0
13562,16.24,41.339444,4.0,600.0
13563,16.24,41.339444,4.0,920.0
13564,16.24,41.339444,4.0,1010.0
13565,16.24,41.339444,4.0,4500.0
13566,16.24,41.339444,4.0,4740.0
13567,16.24,41.339444,4.0,6266.0
13568,16.24,41.339444,4.0,8050.0
13569,16.24,41.339444,4.0,14700.0
13570,16.24,41.339444,0.0,92.0
13571,16.24,41.339444,0.0,101.0
13572,16.24,41.339444,0.0,113.0
13573,16.24,41.339444,0.0,450.0
13574,15.028332999999998,41.981667,0.0,40.0
13575,15.028332999999998,41.981667,0.0,59.0
13576,15.028332999999998,41.981667,0.0,89.0
13577,15.028332999999998,41.981667,0.0,122.0
13578,15.028332999999998,41.981667,0.0,460.0
13579,15.028332999999998,41.981667,0.0,490.0
13580,15.028332999999998,41.981667,0.0,500.0
13581,15.028332999999998,41.981667,0.0,590.0
13582,15.028332999999998,41.981667,0.0,850.0
13583,15.028332999999998,41.981667,0.0,890.0
13584,15.028332999999998,41.981667,0.0,1210.0
13585,15.028332999999998,41.981667,0.0,1360.0
13586,15.031944000000001,41.985556,0.0,2800.0
13587,15.031944000000001,41.985556,0.0,2800.0
13588,15.031944000000001,41.985556,0.0,2850.0
13589,15.031944000000001,41.985556,0.0,2900.0
13590,15.031944000000001,41.985556,0.0,3150.0
13591,15.031944000000001,41.985556,0.0,3600.0
13592,15.031944000000001,41.985556,0.0,3690.0
13593,18.001944,40.65,3.0,78.0
13594,18.001944,40.65,3.0,240.0
13595,18.001944,40.65,3.0,400.0
13596,18.001944,40.65,3.0,457.0
13597,18.001944,40.65,3.0,520.0
13598,18.001944,40.65,3.0,610.0
13599,18.001944,40.65,3.0,760.0
13600,18.001944,40.65,3.0,780.0
13601,18.001944,40.65,3.0,1000.0
13602,18.001944,40.65,3.0,1010.0
13603,18.001944,40.65,3.0,1060.0
13604,18.001944,40.65,3.0,1210.0
13605,18.001944,40.65,3.0,1750.0
13606,18.001944,40.65,3.0,1800.0
13607,18.001944,40.65,3.0,1850.0
13608,18.001944,40.65,3.0,2400.0
13609,18.004167000000002,40.653333,0.0,24.0
13610,18.004167000000002,40.653333,0.0,131.0
13611,18.004167000000002,40.653333,0.0,170.0
13612,9.131667,39.189444,0.0,50.0
13613,9.131667,39.189444,0.0,110.0
13614,9.131667,39.189444,0.0,140.0
13615,9.131667,39.189444,0.0,180.0
13616,9.131667,39.189444,0.0,180.0
13617,12.347778,45.086944,2.0,20.0
13618,12.347778,45.086944,2.0,20.0
13619,12.347778,45.086944,2.0,1080.0
13620,12.347778,45.086944,2.0,1830.0
13621,12.347778,45.086944,2.0,4880.0
13622,12.3625,45.076667,2.0,520.0
13623,12.3625,45.076667,2.0,701.0
13624,12.3625,45.076667,2.0,800.0
13625,12.3625,45.076667,2.0,1000.0
13626,12.3625,45.076667,2.0,1200.0
13627,12.3625,45.076667,2.0,1200.0
13628,12.3625,45.076667,2.0,1730.0
13629,12.3625,45.076667,2.0,2048.1
13630,12.3625,45.076667,2.0,2300.0
13631,12.3625,45.076667,2.0,2500.0
13632,12.3625,45.076667,2.0,2500.0
13633,12.3625,45.076667,2.0,2800.0
13634,12.3625,45.076667,2.0,2800.0
13635,12.3625,45.076667,2.0,3200.0
13636,12.3625,45.076667,2.0,3257.0
13637,12.3625,45.076667,2.0,10191.0
13638,12.3625,45.076667,0.0,140.0
13639,12.3625,45.076667,0.0,230.0
13640,12.3625,45.076667,0.0,230.0
13641,12.3625,45.076667,0.0,250.0
13642,12.3625,45.076667,0.0,320.0
13643,15.916667000000002,41.616667,0.0,0.02
13644,12.943056,45.616667,2.0,30.0
13645,12.943056,45.616667,2.0,70.0
13646,12.943056,45.616667,2.0,80.0
13647,12.943056,45.616667,2.0,340.0
13648,12.943056,45.616667,2.0,820.0
13649,15.6675,41.928889,0.0,0.01
13650,15.6675,41.928889,0.0,0.04
13651,12.748889,43.993333,0.0,10.0
13652,12.748889,43.993333,0.0,43.0
13653,12.748889,43.993333,0.0,52.0
13654,12.748889,43.993333,0.0,70.0
13655,12.748889,43.993333,0.0,130.0
13656,12.763333,43.988889,11.0,0.03
13657,12.763333,43.988889,11.0,0.03
13658,12.763333,43.988889,11.0,100.0
13659,12.763333,43.988889,11.0,100.0
13660,12.763333,43.988889,11.0,100.0
13661,12.763333,43.988889,11.0,100.0
13662,12.763333,43.988889,11.0,100.0
13663,12.763333,43.988889,11.0,100.0
13664,12.763333,43.988889,11.0,100.0
13665,12.763333,43.988889,11.0,100.0
13666,12.763333,43.988889,11.0,100.0
13667,12.763333,43.988889,11.0,100.0
13668,12.763333,43.988889,11.0,560.0
13669,12.763333,43.988889,11.0,710.0
13670,12.763333,43.988889,11.0,1320.0
13671,12.763333,43.988889,11.0,1710.0
13672,12.463056,44.219444,0.0,40.0
13673,12.463056,44.219444,0.0,48.0
13674,12.463056,44.219444,0.0,50.0
13675,12.463056,44.219444,0.0,140.0
13676,12.463056,44.219444,0.0,180.0
13677,12.431667,44.220555,9.0,1880.0
13678,12.431667,44.220556,9.0,0.03
13679,12.431667,44.220556,9.0,0.03
13680,12.431667,44.220556,9.0,100.0
13681,12.431667,44.220556,9.0,100.0
13682,12.431667,44.220556,9.0,100.0
13683,12.431667,44.220556,9.0,100.0
13684,12.431667,44.220556,9.0,100.0
13685,12.431667,44.220556,9.0,100.0
13686,12.431667,44.220556,9.0,100.0
13687,12.431667,44.220556,9.0,100.0
13688,12.431667,44.220556,9.0,100.0
13689,12.431667,44.220556,9.0,100.0
13690,12.431667,44.220556,9.0,720.0
13691,12.431667,44.220556,9.0,1780.0
13692,12.431667,44.220556,9.0,1880.0
13693,12.431667,44.220556,9.0,8500.0
13694,13.737778,43.300833000000004,2.0,610.0
13695,13.737778,43.300833000000004,2.0,870.0
13696,13.737778,43.300833000000004,2.0,1000.0
13697,13.737778,43.300833000000004,2.0,1000.0
13698,13.737778,43.300833000000004,2.0,1060.0
13699,13.737778,43.300833000000004,2.0,1100.0
13700,13.737778,43.300833000000004,2.0,1230.0
13701,13.737778,43.300833000000004,2.0,1310.0
13702,13.737778,43.300833000000004,2.0,1310.0
13703,13.737778,43.300833000000004,2.0,1460.0
13704,13.737778,43.300833000000004,2.0,2050.0
13705,13.737778,43.300833000000004,2.0,2300.0
13706,13.737778,43.300833000000004,2.0,6300.0
13707,13.737778,43.300833000000004,0.0,87.0
13708,13.737778,43.300833000000004,0.0,91.0
13709,13.737778,43.300833000000004,0.0,123.0
13710,13.737778,43.300833000000004,0.0,246.0
13711,13.737778,43.300833000000004,0.0,315.0
13712,13.591944,45.770556,6.0,1160.0
13713,13.591944,45.770556,6.0,2070.0
13714,13.591944,45.770556,6.0,4300.0
13715,13.591944,45.770556,6.0,6900.0
13716,13.591944,45.770556,6.0,11100.0
13717,13.591944,45.770556,6.0,16600.0
13718,13.591944,45.770556,6.0,39700.0
13719,13.366944,43.645,0.0,61.0
13720,13.366944,43.645,0.0,69.0
13721,13.366944,43.645,0.0,97.0
13722,13.366944,43.645,3.0,153.5
13723,13.366944,43.645,3.0,200.0
13724,13.366944,43.645,0.0,296.0
13725,13.366944,43.645,3.0,500.0
13726,13.366944,43.645,3.0,600.0
13727,13.366944,43.645,3.0,610.0
13728,13.366944,43.645,3.0,610.0
13729,13.366944,43.645,3.0,730.0
13730,13.366944,43.645,3.0,740.0
13731,13.366944,43.645,3.0,740.0
13732,13.366944,43.645,3.0,750.0
13733,13.366944,43.645,3.0,790.0
13734,13.366944,43.645,3.0,800.0
13735,13.366944,43.645,3.0,970.0
13736,13.366944,43.645,3.0,980.0
13737,13.366944,43.645,3.0,980.0
13738,13.366944,43.645,3.0,980.0
13739,13.366944,43.645,3.0,1000.0
13740,13.366944,43.645,3.0,1070.0
13741,13.366944,43.645,3.0,1070.0
13742,13.366944,43.645,3.0,1110.0
13743,13.366944,43.645,3.0,1620.0
13744,13.366944,43.645,3.0,1720.0
13745,13.366944,43.645,3.0,1730.0
13746,13.366944,43.645,3.0,2360.0
13747,12.978611,45.620556,0.0,210.0
13748,12.978611,45.620556,0.0,480.0
13749,12.978611,45.620556,0.0,540.0
13750,12.978611,45.620556,0.0,770.0
13751,12.978611,45.620556,0.0,1060.0
13752,15.5075,41.913610999999996,0.0,0.01
13753,15.5075,41.913610999999996,0.0,0.05
13754,12.900556,43.924721999999996,4.0,380.0
13755,12.900556,43.924721999999996,4.0,500.0
13756,12.900556,43.924721999999996,4.0,540.0
13757,12.900556,43.924721999999996,4.0,810.0
13758,12.900556,43.924721999999996,4.0,1000.0
13759,12.900556,43.924721999999996,4.0,1000.0
13760,12.900556,43.924721999999996,4.0,1000.0
13761,12.900556,43.924721999999996,4.0,1000.0
13762,12.900556,43.924721999999996,4.0,1040.0
13763,12.900556,43.924721999999996,4.0,1040.0
13764,12.900556,43.924721999999996,4.0,1050.0
13765,12.900556,43.924721999999996,4.0,1120.0
13766,12.900556,43.924721999999996,4.0,1190.0
13767,12.900556,43.924721999999996,4.0,1200.0
13768,12.900556,43.924721999999996,4.0,1300.0
13769,12.900556,43.924721999999996,4.0,1500.0
13770,12.900556,43.924721999999996,4.0,1500.0
13771,12.900556,43.924721999999996,4.0,1500.0
13772,12.900556,43.924721999999996,4.0,1690.0
13773,12.900556,43.924721999999996,4.0,1800.0
13774,12.900556,43.924721999999996,4.0,2000.0
13775,12.900556,43.924721999999996,4.0,2000.0
13776,12.900556,43.924721999999996,4.0,2500.0
13777,12.900556,43.924721999999996,4.0,2800.0
13778,12.900556,43.924721999999996,4.0,3100.0
13779,12.900556,43.924721999999996,4.0,3300.0
13780,12.900556,43.924721999999996,0.0,54.0
13781,12.900556,43.924721999999996,0.0,60.0
13782,12.900556,43.924721999999996,0.0,105.0
13783,12.900556,43.924721999999996,0.0,308.0
13784,13.892778,43.016667,13.0,1600.0
13785,13.892778,43.016667,13.0,3000.0
13786,12.287222,44.662778,9.0,750.0
13787,12.287222,44.662778,9.0,840.0
13788,12.287222,44.662778,9.0,1660.0
13789,12.287222,44.662778,9.0,4800.0
13790,12.294444,44.701111,0.0,20.0
13791,12.294444,44.701111,0.0,20.0
13792,12.294444,44.701111,0.0,24.0
13793,12.294444,44.701111,0.0,89.0
13794,12.294444,44.701111,0.0,150.0
13795,12.296944,44.782778,4.0,0.03
13796,12.296944,44.782778,4.0,0.03
13797,12.296944,44.782778,4.0,0.03
13798,12.296944,44.782778,4.0,100.0
13799,12.296944,44.782778,4.0,100.0
13800,12.296944,44.782778,4.0,100.0
13801,12.296944,44.782778,4.0,100.0
13802,12.296944,44.782778,4.0,100.0
13803,12.296944,44.782778,4.0,100.0
13804,12.296944,44.782778,4.0,100.0
13805,12.296944,44.782778,4.0,100.0
13806,12.296944,44.782778,4.0,100.0
13807,12.296944,44.782778,4.0,200.0
13808,14.8,42.061667,0.0,30.0
13809,14.8,42.061667,0.0,64.0
13810,14.8,42.061667,0.0,85.0
13811,14.8,42.061667,0.0,213.0
13812,14.8,42.061667,0.0,300.0
13813,14.8,42.061667,0.0,490.0
13814,14.8,42.061667,0.0,500.0
13815,14.8,42.061667,0.0,500.0
13816,14.8,42.061667,0.0,640.0
13817,14.8,42.061667,0.0,850.0
13818,14.8,42.061667,0.0,1150.0
13819,14.8,42.061667,0.0,3060.0
13820,12.978611,45.620556,3.0,370.0
13821,12.978611,45.620556,3.0,496.0
13822,12.978611,45.620556,3.0,1000.0
13823,12.978611,45.620556,3.0,2606.0
13824,12.978611,45.620556,3.0,2913.0
13825,12.978611,45.620556,3.0,3460.0
13826,12.978611,45.620556,3.0,3700.0
13827,12.978611,45.620556,3.0,3800.0
13828,12.978611,45.620556,3.0,3800.0
13829,12.978611,45.620556,3.0,4100.0
13830,12.978611,45.620556,3.0,4800.0
13831,12.978611,45.620556,3.0,4800.0
13832,12.978611,45.620556,3.0,5400.0
13833,12.978611,45.620556,3.0,9100.0
13834,12.978611,45.620556,3.0,10600.0
13835,12.978611,45.620556,3.0,12000.0
13836,12.322778,44.481944,9.0,0.03
13837,12.322778,44.481944,9.0,0.03
13838,12.322778,44.481944,9.0,0.03
13839,12.322778,44.481944,9.0,100.0
13840,12.322778,44.481944,9.0,100.0
13841,12.322778,44.481944,9.0,100.0
13842,12.322778,44.481944,9.0,100.0
13843,12.322778,44.481944,9.0,100.0
13844,12.322778,44.481944,9.0,100.0
13845,12.322778,44.481944,9.0,100.0
13846,12.322778,44.481944,9.0,100.0
13847,12.322778,44.481944,9.0,100.0
13848,12.322778,44.481944,9.0,760.0
13849,12.322778,44.481944,9.0,1430.0
13850,15.9,41.596667,0.0,0.12
13851,15.9,41.596667,0.0,107.0
13852,15.9,41.596667,0.0,121.0
13853,15.9,41.596667,0.0,131.0
13854,15.9,41.596667,0.0,180.0
13855,15.9,41.596667,0.0,180.0
13856,15.9,41.596667,0.0,310.0
13857,15.9,41.596667,0.0,390.0
13858,15.9,41.596667,0.0,400.0
13859,15.9,41.596667,0.0,500.0
13860,15.9,41.596667,0.0,510.0
13861,15.9,41.596667,0.0,540.0
13862,15.9,41.596667,0.0,610.0
13863,15.9,41.596667,0.0,710.0
13864,15.9,41.596667,0.0,780.0
13865,15.9,41.596667,0.0,1000.0
13866,15.9,41.596667,0.0,1070.0
13867,15.9,41.596667,0.0,1070.0
13868,15.9,41.596667,0.0,1210.0
13869,15.9,41.596667,0.0,1390.0
13870,15.9,41.596667,0.0,1875.0
13871,15.9,41.596667,0.0,2010.0
13872,15.9,41.596667,0.0,2524.0
13873,15.931944,41.598333000000004,10.0,460.0
13874,15.931944,41.598333000000004,10.0,1150.0
13875,15.931944,41.598333000000004,10.0,1150.0
13876,13.054444,43.8325,4.0,1000.0
13877,13.054444,43.8325,4.0,1000.0
13878,13.054444,43.8325,4.0,1000.0
13879,13.054444,43.8325,4.0,1000.0
13880,13.054444,43.8325,4.0,1200.0
13881,13.054444,43.8325,4.0,1500.0
13882,13.054444,43.8325,4.0,1500.0
13883,13.054444,43.8325,4.0,1500.0
13884,13.054444,43.8325,4.0,1500.0
13885,13.054444,43.8325,4.0,1900.0
13886,13.054444,43.8325,4.0,2000.0
13887,13.054444,43.8325,4.0,2700.0
13888,13.054444,43.8325,4.0,2900.0
13889,13.054444,43.8325,4.0,2900.0
13890,13.054444,43.8325,4.0,3500.0
13891,13.708332999999998,45.71,0.0,80.0
13892,13.708332999999998,45.71,0.0,176.0
13893,13.708332999999998,45.71,0.0,190.0
13894,13.708332999999998,45.71,0.0,210.0
13895,13.708332999999998,45.71,0.0,453.0
13896,13.708332999999998,45.71,0.0,1850.0
13897,13.708332999999998,45.71,0.0,1900.0
13898,13.708332999999998,45.71,0.0,2100.0
13899,13.708332999999998,45.71,0.0,2400.0
13900,13.708332999999998,45.71,0.0,2450.0
13901,13.708332999999998,45.71,0.0,2751.0
13902,13.708332999999998,45.71,0.0,2800.0
13903,13.708332999999998,45.71,0.0,3000.0
13904,13.708332999999998,45.71,0.0,3100.0
13905,13.708332999999998,45.71,0.0,3240.0
13906,13.708332999999998,45.71,0.0,3917.0
13907,13.708332999999998,45.71,0.0,4150.0
13908,13.708332999999998,45.71,0.0,21000.0
13909,15.918332999999999,41.9375,0.0,0.01
13910,15.918332999999999,41.9375,0.0,0.02
13911,13.738610999999999,41.238889,0.0,120.0
13912,13.738610999999999,41.238889,0.0,220.0
13913,13.738610999999999,41.238889,0.0,500.0
13914,13.738610999999999,41.238889,0.0,660.0
13915,13.738610999999999,41.238889,0.0,900.0
13916,13.738610999999999,41.238889,0.0,1680.0
13917,13.738610999999999,41.238889,0.0,1810.0
13918,13.738610999999999,41.238889,0.0,2080.0
13919,13.738610999999999,41.238889,0.0,2300.0
13920,13.738610999999999,41.238889,0.0,2300.0
13921,13.738610999999999,41.238889,0.0,2800.0
13922,13.738610999999999,41.238889,0.0,3000.0
13923,13.738610999999999,41.238889,0.0,6300.0
13924,13.738610999999999,41.238889,0.0,7400.0
13925,13.246667,45.708333,6.0,98.0
13926,13.246667,45.708333,6.0,1200.0
13927,13.246667,45.708333,6.0,1850.0
13928,13.246667,45.708333,6.0,2100.0
13929,13.246667,45.708333,6.0,2240.0
13930,13.246667,45.708333,6.0,2300.0
13931,13.246667,45.708333,6.0,2500.0
13932,13.246667,45.708333,6.0,2590.0
13933,13.246667,45.708333,6.0,2782.0
13934,13.246667,45.708333,6.0,2900.0
13935,13.246667,45.708333,6.0,2900.0
13936,13.246667,45.708333,6.0,8590.0
13937,13.246667,45.708333,0.0,167.0
13938,13.246667,45.708333,0.0,185.0
13939,13.246667,45.708333,0.0,210.0
13940,13.246667,45.708333,0.0,569.0
13941,13.246667,45.708333,0.0,1166.0
13942,12.438333,45.422778,3.0,170.0
13943,12.438333,45.422778,3.0,180.0
13944,12.438333,45.422778,3.0,500.0
13945,12.438333,45.422778,3.0,610.0
13946,12.438333,45.422778,3.0,1380.0
13947,12.438333,45.422778,3.0,2100.0
13948,12.438333,45.422778,3.0,2200.0
13949,12.438333,45.422778,3.0,2800.0
13950,12.438333,45.422778,3.0,2800.0
13951,12.438333,45.422778,3.0,2850.0
13952,12.438333,45.422778,3.0,3053.0
13953,12.438333,45.422778,3.0,3100.0
13954,12.438333,45.422778,3.0,3200.0
13955,12.438333,45.422778,3.0,3200.0
13956,12.438333,45.422778,3.0,5800.0
13957,12.438333,45.422778,3.0,6800.0
13958,12.438333,45.422778,3.0,7600.0
13959,12.438333,45.422778,0.0,230.0
13960,12.438333,45.422778,0.0,250.0
13961,12.438333,45.422778,0.0,310.0
13962,12.438333,45.422778,0.0,320.0
13963,12.438333,45.422778,0.0,680.0
13964,12.3,45.239444,3.0,30.0
13965,12.3,45.239444,3.0,30.0
13966,12.3,45.239444,3.0,310.0
13967,12.3,45.239444,3.0,3950.0
13968,12.3,45.239444,3.0,4180.0
13969,16.686667,40.145,0.0,124.0
13970,16.686667,40.145,0.0,190.0
13971,16.686667,40.145,0.0,204.0
13972,16.686667,40.145,0.0,237.0
13973,16.686667,40.145,0.0,450.0
13974,16.686667,40.145,0.0,1030.0
13975,16.686667,40.145,0.0,1210.0
13976,16.686667,40.145,0.0,1530.0
13977,16.686667,40.145,0.0,1640.0
13978,16.686667,40.145,0.0,1900.0
13979,16.686667,40.145,0.0,2370.0
13980,14.4325,42.341944,6.0,760.0
13981,14.4325,42.341944,6.0,1400.0
13982,14.416667000000002,42.343610999999996,7.0,760.0
13983,14.416667000000002,42.343610999999996,7.0,1400.0
13984,14.423889,42.348611,0.0,88.0
13985,14.423889,42.348611,0.0,90.0
13986,14.423889,42.348611,0.0,100.0
13987,14.423889,42.348611,0.0,200.0
13988,14.423889,42.348611,0.0,270.0
13989,14.423889,42.348611,0.0,500.0
13990,14.423889,42.348611,0.0,500.0
13991,14.423889,42.348611,0.0,1300.0
13992,14.423889,42.348611,0.0,1682.0
13993,14.423889,42.348611,0.0,2000.0
13994,14.423889,42.348611,0.0,2000.0
13995,14.423889,42.348611,0.0,2000.0
13996,14.423889,42.348611,0.0,2050.0
13997,14.423889,42.348611,0.0,3000.0
13998,14.423889,42.348611,0.0,9000.0
13999,14.423889,42.348611,0.0,9000.0
14000,14.423889,42.348611,0.0,11560.0
14001,14.416667000000002,42.35,4.0,0.05
14002,12.303611,45.233610999999996,0.0,170.0
14003,12.303611,45.233610999999996,0.0,180.0
14004,12.303611,45.233610999999996,0.0,330.0
14005,12.303611,45.233610999999996,0.0,470.0
14006,12.303611,45.233610999999996,0.0,630.0
14007,12.303611,45.233610999999996,3.0,41.0
14008,12.303611,45.233610999999996,3.0,260.0
14009,12.303611,45.233610999999996,3.0,740.0
14010,12.303611,45.233610999999996,3.0,1100.0
14011,12.303611,45.233610999999996,3.0,1400.0
14012,12.303611,45.233610999999996,3.0,1763.0
14013,12.303611,45.233610999999996,3.0,1800.0
14014,12.303611,45.233610999999996,3.0,1800.0
14015,12.303611,45.233610999999996,3.0,1800.0
14016,12.303611,45.233610999999996,3.0,2360.0
14017,12.303611,45.233610999999996,3.0,3100.0
14018,12.303611,45.233610999999996,3.0,3300.0
14019,12.303611,45.233610999999996,3.0,4000.0
14020,12.303611,45.233610999999996,3.0,6300.0
14021,12.303611,45.233610999999996,3.0,18780.5
14022,12.303611,45.233610999999996,3.0,29126.0
14023,14.239167000000002,42.458056,0.0,63.0
14024,14.239167000000002,42.458056,0.0,109.0
14025,14.239167000000002,42.458056,0.0,490.0
14026,14.239167000000002,42.458056,0.0,500.0
14027,14.239167000000002,42.458056,0.0,500.0
14028,14.239167000000002,42.458056,0.0,510.0
14029,14.239167000000002,42.458056,0.0,1000.0
14030,14.239167000000002,42.458056,0.0,1000.0
14031,14.239167000000002,42.458056,0.0,1000.0
14032,14.239167000000002,42.458056,0.0,1090.0
14033,14.239167000000002,42.458056,0.0,2000.0
14034,14.239167000000002,42.458056,0.0,2000.0
14035,14.239167000000002,42.458056,0.0,3000.0
14036,14.239167000000002,42.458056,0.0,3686.0
14037,14.239167000000002,42.458056,0.0,4978.8
14038,14.239167000000002,42.458056,0.0,8000.0
14039,14.239167000000002,42.458056,0.0,8000.0
14040,14.200277999999999,42.495833000000005,5.0,1600.0
14041,14.200277999999999,42.495833000000005,5.0,2200.0
14042,14.192222000000001,42.504166999999995,5.0,0.09
14043,14.192222000000001,42.504166999999995,5.0,0.19
14044,14.192222000000001,42.504166999999995,5.0,0.24
14045,16.016667,41.951944,0.0,0.01
14046,16.016667,41.951944,0.0,0.03
14047,12.6925,45.518333,3.0,30.0
14048,12.6925,45.518333,3.0,30.0
14049,12.6925,45.518333,3.0,240.0
14050,12.6925,45.518333,3.0,480.0
14051,12.730278,45.527778000000005,3.0,150.0
14052,12.730278,45.527778000000005,3.0,500.0
14053,12.730278,45.527778000000005,3.0,910.0
14054,12.730278,45.527778000000005,3.0,1500.0
14055,12.730278,45.527778000000005,3.0,1600.0
14056,12.730278,45.527778000000005,3.0,2500.0
14057,12.730278,45.527778000000005,3.0,2800.0
14058,12.730278,45.527778000000005,3.0,2800.0
14059,12.730278,45.527778000000005,3.0,3060.0
14060,12.730278,45.527778000000005,3.0,3742.0
14061,12.730278,45.527778000000005,3.0,4100.0
14062,12.730278,45.527778000000005,3.0,4500.0
14063,12.730278,45.527778000000005,3.0,4500.0
14064,12.730278,45.527778000000005,3.0,6040.0
14065,12.730278,45.527778000000005,3.0,7800.0
14066,12.730278,45.527778000000005,3.0,8000.0
14067,13.724444,45.608610999999996,18.0,1030.0
14068,13.724444,45.608610999999996,18.0,1110.0
14069,13.724444,45.608610999999996,18.0,4400.0
14070,13.724444,45.608610999999996,18.0,4700.0
14071,13.724444,45.608610999999996,18.0,7100.0
14072,13.724444,45.608610999999996,18.0,9550.0
14073,13.724444,45.608610999999996,18.0,25760.0
14074,12.92,41.38,0.0,130.0
14075,12.913056,41.38,4.0,180.0
14076,12.92,41.38,0.0,180.0
14077,12.913056,41.38,5.0,228.0
14078,12.92,41.38,0.0,344.0
14079,12.92,41.38,0.0,1360.0
14080,12.92,41.38,0.0,1360.0
14081,12.92,41.38,0.0,1500.0
14082,12.92,41.38,0.0,1682.0
14083,12.92,41.38,0.0,2342.0
14084,12.92,41.38,0.0,2420.0
14085,12.92,41.38,0.0,2800.0
14086,12.92,41.38,0.0,2800.0
14087,12.92,41.38,0.0,3000.0
14088,12.92,41.38,0.0,3100.0
14089,12.92,41.38,0.0,6100.0
14090,13.343611,43.653333,4.0,600.0
14091,13.343611,43.653333,4.0,600.0
14092,13.343611,43.653333,4.0,800.0
14093,13.343611,43.653333,4.0,830.0
14094,13.343611,43.653333,4.0,1170.0
14095,13.343611,43.653333,4.0,1460.0
14096,13.343611,43.653333,4.0,1710.0
14097,13.343611,43.653333,4.0,3300.0
14098,8.358889,40.848889,2.0,100.0
14099,8.358889,40.848889,2.0,100.0
14100,8.358889,40.848889,2.0,500.0
14101,8.358889,40.848889,2.0,600.0
14102,12.753611,43.970833,5.0,800.0
14103,12.753611,43.970833,5.0,1000.0
14104,12.753611,43.970833,5.0,1000.0
14105,12.753611,43.970833,5.0,1000.0
14106,12.753611,43.970833,5.0,1200.0
14107,12.753611,43.970833,5.0,1400.0
14108,12.753611,43.970833,5.0,1500.0
14109,12.753611,43.970833,5.0,1500.0
14110,12.753611,43.970833,5.0,1500.0
14111,12.753611,43.970833,5.0,2000.0
14112,12.753611,43.970833,5.0,2000.0
14113,12.753611,43.970833,5.0,2600.0
14114,12.753611,43.970833,5.0,2800.0
14115,12.753611,43.970833,5.0,3200.0
14116,12.753611,43.970833,5.0,3400.0
14117,16.421667000000003,41.285833000000004,0.0,0.06
14118,13.779722,43.166667,5.0,2170.0
14119,13.779722,43.166667,5.0,5200.0
14120,13.779722,43.166667,5.0,1500.0
14121,15.498332999999999,42.116667,0.0,10.0
14122,15.498332999999999,42.116667,0.0,20.0
14123,15.498332999999999,42.116667,0.0,20.0
14124,15.498332999999999,42.116667,0.0,26.0
14125,15.498332999999999,42.116667,0.0,64.0
14126,15.498332999999999,42.116667,0.0,105.0
14127,15.498332999999999,42.116667,0.0,164.0
14128,15.498332999999999,42.116667,0.0,250.0
14129,15.498332999999999,42.116667,0.0,260.0
14130,15.498332999999999,42.116667,0.0,340.0
14131,15.498332999999999,42.116667,0.0,493.2
14132,15.498332999999999,42.116667,0.0,500.0
14133,15.498332999999999,42.116667,0.0,520.0
14134,15.498332999999999,42.116667,0.0,550.0
14135,15.498332999999999,42.116667,0.0,610.0
14136,15.498332999999999,42.116667,0.0,640.0
14137,15.498332999999999,42.116667,0.0,640.0
14138,15.498332999999999,42.116667,0.0,1050.0
14139,15.498332999999999,42.116667,0.0,1478.0
14140,15.498332999999999,42.116667,0.0,1720.0
14141,15.498332999999999,42.116667,0.0,1800.0
14142,15.498332999999999,42.116667,0.0,8300.0
14143,15.498332999999999,42.116667,0.0,31872.0
14144,14.815555999999999,42.059722,0.0,2100.0
14145,14.815555999999999,42.059722,0.0,2300.0
14146,14.815555999999999,42.059722,0.0,2600.0
14147,14.815555999999999,42.059722,0.0,2700.0
14148,14.815555999999999,42.059722,0.0,2750.0
14149,14.815555999999999,42.059722,0.0,3000.0
14150,14.815555999999999,42.059722,0.0,4900.0
14151,13.910832999999998,42.905,0.0,62.0
14152,13.910832999999998,42.905,0.0,67.0
14153,13.910832999999998,42.905,0.0,137.0
14154,13.910832999999998,42.905,0.0,229.0
14155,13.910832999999998,42.905,0.0,280.0
14156,13.910832999999998,42.905,1.0,370.0
14157,13.910832999999998,42.905,1.0,620.0
14158,13.910832999999998,42.905,1.0,670.0
14159,13.910832999999998,42.905,1.0,760.0
14160,13.910832999999998,42.905,1.0,800.0
14161,13.910832999999998,42.905,1.0,830.0
14162,13.910832999999998,42.905,1.0,850.0
14163,13.910832999999998,42.905,1.0,1000.0
14164,13.910832999999998,42.905,1.0,1090.0
14165,13.910832999999998,42.905,1.0,1210.0
14166,13.910832999999998,42.905,1.0,1450.0
14167,13.910832999999998,42.905,1.0,1790.0
14168,13.910832999999998,42.905,1.0,4723.0
14169,14.712222,42.178333,4.0,500.0
14170,14.712222,42.178333,4.0,500.0
14171,14.712222,42.178333,4.0,865.0
14172,14.712222,42.178333,4.0,1000.0
14173,14.712222,42.178333,4.0,1000.0
14174,14.712222,42.178333,4.0,1490.0
14175,14.712222,42.178333,4.0,1880.0
14176,14.712222,42.178333,4.0,2000.0
14177,14.712222,42.178333,4.0,2000.0
14178,14.712222,42.178333,4.0,2000.0
14179,14.712222,42.178333,4.0,6300.0
14180,14.712222,42.178333,4.0,8500.0
14181,14.712222,42.178333,0.0,20.0
14182,14.712222,42.178333,0.0,20.0
14183,14.712222,42.178333,0.0,30.0
14184,14.712222,42.178333,0.0,149.0
14185,14.694167000000002,42.184444,7.0,437.0
14186,14.694167000000002,42.184444,7.0,701.0
14187,14.716389000000001,42.186389,12.0,0.05
14188,16.187778,41.879444,0.0,0.01
14189,16.187778,41.879444,0.0,0.04
14190,9.077778,41.138889,2.0,140.0
14191,9.077778,41.138889,2.0,350.0
14192,9.077778,41.138889,2.0,380.0
14193,13.928332999999999,41.018333,9.0,17.0
14194,13.928332999999999,41.018333,9.0,50.0
14195,13.928332999999999,41.018333,9.0,50.0
14196,13.928332999999999,41.018333,9.0,50.0
14197,13.928332999999999,41.018333,9.0,50.0
14198,13.928332999999999,41.018333,9.0,50.0
14199,13.928332999999999,41.018333,9.0,190.0
14200,13.928332999999999,41.018333,9.0,420.0
14201,13.928332999999999,41.018333,9.0,570.0
14202,13.928332999999999,41.018333,9.0,3700.0
14203,8.805278,38.898333,2.0,480.0
14204,9.691667,39.953056,12.0,280.0
14205,9.691667,39.953056,12.0,500.0
14206,9.691667,39.953056,12.0,500.0
14207,9.691667,39.953056,12.0,500.0
14208,9.691667,39.953056,12.0,520.0
14209,9.691667,39.953056,12.0,737.7
14210,9.691667,39.953056,12.0,1000.0
14211,9.691667,39.953056,12.0,1400.0
14212,9.691667,39.953056,12.0,1710.0
14213,9.691667,39.953056,12.0,2000.0
14214,9.691667,39.953056,12.0,2397.2
14215,9.691667,39.953056,12.0,2397.2
14216,9.691667,39.953056,12.0,2860.0
14217,9.691667,39.953056,12.0,4100.0
14218,9.580833,40.93,10.0,330.0
14219,9.580833,40.93,10.0,500.0
14220,9.580833,40.93,10.0,500.0
14221,9.580833,40.93,10.0,500.0
14222,9.580833,40.93,10.0,500.0
14223,9.580833,40.93,10.0,500.0
14224,9.580833,40.93,10.0,500.0
14225,9.580833,40.93,10.0,717.7
14226,9.580833,40.93,10.0,742.5
14227,9.580833,40.93,10.0,1820.0
14228,17.1425,38.926389,18.0,1970.0
14229,17.140556,38.929444000000004,0.0,300.0
14230,17.140556,38.929444000000004,0.0,1387.0
14231,17.115833,39.113056,0.0,1140.0
14232,17.115833,39.113056,0.0,1900.0
14234,15.648889000000002,38.045278,0.0,500.0
14235,15.648889000000002,38.045278,0.0,830.0
14236,15.648889000000002,38.045278,0.0,4956.7
14237,15.648889000000002,38.045278,0.0,5865.0
14238,17.033333,40.503333000000005,8.0,76.0
14239,17.033333,40.503333000000005,8.0,390.0
14240,17.033333,40.503333000000005,8.0,500.0
14241,17.033333,40.503333000000005,8.0,600.0
14242,17.033333,40.503333000000005,8.0,720.0
14243,17.033333,40.503333000000005,8.0,760.0
14244,17.033333,40.503333000000005,8.0,760.0
14245,17.033333,40.503333000000005,8.0,830.0
14246,17.033333,40.503333000000005,8.0,970.0
14247,17.033333,40.503333000000005,8.0,1000.0
14248,17.033333,40.503333000000005,8.0,1260.0
14249,17.033333,40.503333000000005,8.0,2000.0
14250,17.033333,40.503333000000005,8.0,2200.0
14251,17.033333,40.503333000000005,8.0,7050.0
14252,17.033333,40.503333000000005,8.0,8000.0
14253,17.033333,40.503333000000005,0.0,76.0
14254,17.033333,40.503333000000005,0.0,78.0
14255,17.033333,40.503333000000005,0.0,80.0
14256,17.033333,40.503333000000005,0.0,83.0
14257,17.033333,40.503333000000005,0.0,310.0
14258,15.498332999999999,42.116667,0.0,206.0
14262,15.208611,37.156667,3.0,700.0
14263,15.208611,37.156667,3.0,2390.6
14299,16.446111,38.330833,0.0,1000.0
14300,16.446111,38.330833,0.0,6371.0
14314,10.985833,42.7125,1.0,1530.0
14315,10.985833,42.7125,1.0,1680.0
14316,10.985833,42.7125,1.0,1730.0
14317,10.985833,42.7125,1.0,1750.0
14318,10.985833,42.7125,1.0,2540.0
14319,10.985833,42.7125,1.0,2640.0
14320,10.985833,42.7125,1.0,3580.0
14321,10.985833,42.7125,1.0,4650.0
14322,10.985833,42.7125,1.0,6490.0
14323,10.985833,42.7125,1.0,8820.0
14324,10.985833,42.7125,1.0,8900.0
14325,10.985833,42.7125,1.0,11120.0
14326,10.985833,42.7125,1.0,13730.0
14327,10.985833,42.7125,1.0,25840.0
14328,10.985833,42.7125,1.0,35660.0
14345,17.030278,38.908889,10.0,0.02
14346,17.030278,38.908889,10.0,20.0
14347,17.030278,38.908889,10.0,100.0
14348,17.030278,38.908889,10.0,300.0
14356,16.831944,40.351389000000005,0.0,60.0
14357,16.831944,40.351389000000005,0.0,124.0
14358,16.831944,40.351389000000005,0.0,180.0
14359,16.831944,40.351389000000005,0.0,189.0
14360,16.831944,40.351389000000005,0.0,248.0
14361,16.831944,40.351389000000005,0.0,980.0
14362,16.831944,40.351389000000005,0.0,1260.0
14363,16.831944,40.351389000000005,0.0,1360.0
14364,16.831944,40.351389000000005,0.0,1440.0
14365,16.831944,40.351389000000005,0.0,1510.0
14366,16.831944,40.351389000000005,0.0,1670.0
14367,16.831944,40.351389000000005,0.0,1800.0
14368,16.831944,40.351389000000005,0.0,2480.0
14385,17.149722,39.204444,10.0,0.01
14386,17.149722,39.204444,10.0,0.02
14387,17.149722,39.204444,10.0,0.76
14388,17.149722,39.204444,10.0,0.84
14389,17.149722,39.204444,10.0,9880.0
14390,17.149722,39.204444,10.0,15300.0
14399,17.924722,40.176944,0.0,47.0
14400,17.924722,40.176944,0.0,54.0
14401,17.924722,40.176944,0.0,72.0
14402,17.924722,40.176944,0.0,500.0
14403,17.924722,40.176944,0.0,540.0
14404,17.924722,40.176944,0.0,540.0
14405,17.924722,40.176944,0.0,580.0
14406,17.924722,40.176944,0.0,680.0
14407,17.924722,40.176944,0.0,700.0
14408,17.924722,40.176944,0.0,970.0
14409,17.924722,40.176944,0.0,1630.0
14410,17.924722,40.176944,0.0,2160.0
14476,13.57,43.580833,0.0,53.0
14477,13.57,43.580833,0.0,74.0
14478,13.57,43.580833,0.0,98.0
14479,13.57,43.580833,0.0,280.0
14507,10.329444,43.485833,7.0,500.0
14508,10.329444,43.485833,7.0,670.0
14509,10.329444,43.485833,7.0,880.0
14510,10.329444,43.485833,7.0,900.0
14511,10.329444,43.485833,7.0,1000.0
14512,10.329444,43.485833,7.0,1385.3
14513,10.329444,43.485833,7.0,1740.0
14514,10.329444,43.485833,7.0,2137.0
14515,10.329444,43.485833,7.0,3220.3
14516,10.329444,43.485833,7.0,3792.0
14517,10.329444,43.485833,7.0,5820.0
14518,10.329444,43.485833,7.0,6800.0
14519,10.329444,43.485833,7.0,8916.3
14520,10.329444,43.485833,7.0,12081.6
14521,10.329444,43.485833,7.0,23050.0
14522,10.329444,43.485833,0.0,171.3
14523,10.329444,43.485833,0.0,175.5
14524,10.329444,43.485833,0.0,213.7
14525,10.329444,43.485833,0.0,388.4
14526,10.329444,43.485833,0.0,585.3
14527,8.193889,44.017222,3.0,1080.0
14528,8.193889,44.017222,3.0,7410.0
14529,8.193889,44.017222,3.0,7420.0
14530,8.193889,44.017222,3.0,8370.0
14531,8.193889,44.017222,3.0,9080.0
14532,8.193889,44.017222,3.0,9500.0
14533,8.193889,44.017222,3.0,12420.0
14534,8.193889,44.017222,3.0,17050.0
14535,8.193889,44.017222,3.0,18450.0
14536,8.193889,44.017222,3.0,19010.0
14537,8.193889,44.017222,3.0,20550.0
14538,8.193889,44.017222,3.0,25300.0
14539,8.027778,43.875,2.0,3990.0
14540,8.027778,43.875,2.0,5800.0
14541,8.027778,43.875,16.0,6150.0
14542,8.027778,43.875,6.0,8910.0
14543,8.027778,43.875,6.0,8920.0
14544,8.027778,43.875,2.0,9510.0
14545,8.027778,43.875,2.0,10290.0
14546,8.027778,43.875,6.0,10880.0
14547,8.027778,43.875,6.0,27530.0
14548,8.027778,43.875,5.0,28590.0
14549,8.027778,43.875,5.0,29470.0
14550,8.024444,43.878611,0.0,160.0
14551,8.024444,43.878611,0.0,200.0
14552,8.024444,43.878611,0.0,200.0
14553,8.024444,43.878611,0.0,200.0
14554,8.024444,43.878611,0.0,480.0
14555,8.024444,43.878611,0.0,630.0
14556,8.024444,43.878611,0.0,1600.0
14557,8.024444,43.878611,0.0,1600.0
14558,8.024444,43.878611,0.0,1900.0
14559,8.024444,43.878611,0.0,2000.0
14560,8.024444,43.878611,0.0,2000.0
14561,8.024444,43.878611,0.0,2000.0
14562,8.024444,43.878611,0.0,2000.0
14563,8.024444,43.878611,0.0,2000.0
14564,8.024444,43.878611,0.0,3000.0
14565,8.024444,43.878611,0.0,3000.0
14566,8.024444,43.878611,0.0,4000.0
14567,8.024444,43.878611,0.0,4200.0
14568,8.024444,43.878611,0.0,4700.0
14569,8.024444,43.878611,0.0,10600.0
14570,9.881667,44.081666999999996,3.0,1500.0
14571,9.881667,44.081666999999996,3.0,2000.0
14572,9.881667,44.081666999999996,3.0,2400.0
14573,9.881667,44.081666999999996,3.0,4500.0
14574,9.881667,44.081666999999996,3.0,4600.0
14575,9.9875,44.046667,0.0,100.0
14576,9.9875,44.046667,0.0,100.0
14577,9.9875,44.046667,0.0,126.0
14578,9.9875,44.046667,0.0,200.0
14579,9.9875,44.046667,0.0,320.0
14580,9.9875,44.046667,0.0,540.0
14581,9.9875,44.046667,0.0,580.0
14582,9.9875,44.046667,0.0,980.0
14583,9.9875,44.046667,0.0,1000.0
14584,9.9875,44.046667,0.0,1000.0
14585,9.9875,44.046667,0.0,1200.0
14586,9.9875,44.046667,0.0,2500.0
14587,9.9875,44.046667,0.0,2700.0
14588,9.9875,44.046667,0.0,3000.0
14589,9.9875,44.046667,0.0,3900.0
14590,9.9875,44.046667,0.0,5400.0
14591,9.9875,44.046667,0.0,5400.0
14592,8.880833,44.399444,15.0,2000.0
14593,8.880833,44.399444,15.0,2000.0
14594,8.880833,44.399444,15.0,2300.0
14595,8.880833,44.399444,15.0,2900.0
14596,8.880833,44.399444,15.0,2900.0
14597,9.608611,44.166111,0.0,130.0
14598,9.608611,44.166111,0.0,200.0
14599,9.608611,44.166111,0.0,200.0
14600,9.608611,44.166111,0.0,300.0
14601,9.608611,44.166111,0.0,500.0
14602,9.608611,44.166111,0.0,720.0
14603,9.608611,44.166111,0.0,1274.0
14604,9.608611,44.166111,0.0,1300.0
14605,9.608611,44.166111,0.0,1300.0
14606,9.608611,44.166111,0.0,1400.0
14607,9.608611,44.166111,0.0,1500.0
14608,9.608611,44.166111,0.0,1700.0
14609,9.608611,44.166111,0.0,2200.0
14610,9.608611,44.166111,0.0,2420.0
14611,9.608611,44.166111,0.0,3000.0
14612,9.608611,44.166111,0.0,3000.0
14613,9.608611,44.166111,0.0,5200.0
14614,9.836389,44.048611,5.0,1560.0
14615,9.836389,44.048611,5.0,6290.0
14616,9.836389,44.048611,5.0,6360.0
14617,9.836389,44.048611,5.0,8360.0
14618,9.836389,44.048611,5.0,8440.0
14619,9.836389,44.048611,5.0,9040.0
14620,9.836389,44.048611,5.0,9400.0
14621,9.836389,44.048611,5.0,9440.0
14622,9.836389,44.048611,5.0,9800.0
14623,9.836389,44.048611,5.0,9820.0
14624,9.836389,44.048611,5.0,21010.0
14625,9.836389,44.048611,5.0,36060.0
14626,9.880556,44.080556,5.0,4370.0
14627,9.880556,44.080556,5.0,4830.0
14628,9.880556,44.080556,5.0,5280.0
14629,9.880556,44.080556,5.0,5510.0
14630,9.880556,44.080556,5.0,5830.0
14631,9.880556,44.080556,5.0,6650.0
14632,9.880556,44.080556,5.0,8160.0
14633,9.880556,44.080556,5.0,11820.0
14634,9.880556,44.080556,5.0,12810.0
14635,9.880556,44.080556,5.0,15480.0
14636,9.880556,44.080556,5.0,24090.0
14637,9.880556,44.080556,5.0,26910.0
14638,7.789167,43.813889,5.0,2400.0
14639,7.789167,43.813889,5.0,4730.0
14640,7.789167,43.813889,5.0,8100.0
14641,7.789167,43.813889,5.0,10190.0
14642,7.789167,43.813889,5.0,11590.0
14643,7.789167,43.813889,5.0,13520.0
14644,7.789167,43.813889,5.0,14420.0
14645,7.789167,43.813889,5.0,19220.0
14646,7.789167,43.813889,5.0,20150.0
14647,7.789167,43.813889,5.0,20890.0
14648,7.789167,43.813889,5.0,22910.0
14649,7.789167,43.813889,5.0,29250.0
14650,9.218333,44.330556,8.0,1950.0
14651,9.218333,44.330556,8.0,4190.0
14652,9.218333,44.330556,8.0,5270.0
14653,9.218333,44.330556,8.0,5670.0
14654,9.218333,44.330556,8.0,5920.0
14655,9.218333,44.330556,8.0,6240.0
14656,9.218333,44.330556,8.0,6840.0
14657,9.218333,44.330556,8.0,7500.0
14658,9.218333,44.330556,8.0,7600.0
14659,9.218333,44.330556,8.0,8540.0
14660,9.218333,44.330556,8.0,9830.0
14661,9.218333,44.330556,8.0,10050.0
14662,9.218333,44.330556,8.0,12950.0
14663,9.218333,44.330556,8.0,14980.0
14664,9.218333,44.330556,8.0,15050.0
14665,9.218333,44.330556,8.0,15260.0
14666,9.218333,44.330556,8.0,18080.0
14667,9.218333,44.330556,8.0,19300.0
14668,9.218333,44.330556,8.0,21340.0
14669,9.218333,44.330556,8.0,26050.0
14670,9.218333,44.330556,8.0,26080.0
14671,9.218333,44.330556,8.0,28530.0
14672,9.218333,44.330556,8.0,40790.0
14673,9.218333,44.330556,8.0,5840.0
14674,9.218333,44.330556,8.0,6110.0
14675,9.218333,44.330556,8.0,27130.0
14676,8.445278,44.265833,0.0,23.0
14677,8.445278,44.265833,0.0,300.0
14678,8.445278,44.265833,0.0,400.0
14679,8.445278,44.265833,0.0,480.0
14680,8.445278,44.265833,0.0,600.0
14681,8.445278,44.265833,0.0,1400.0
14682,8.445278,44.265833,0.0,1510.0
14683,8.445278,44.265833,0.0,1530.0
14684,8.445278,44.265833,0.0,2200.0
14685,8.445278,44.265833,0.0,2300.0
14686,8.445278,44.265833,0.0,3500.0
14687,8.445278,44.265833,0.0,6000.0
14688,8.445278,44.265833,0.0,6000.0
14689,8.445278,44.265833,0.0,6800.0
14690,8.445278,44.265833,0.0,6800.0
14691,8.445278,44.265833,0.0,8000.0
14692,8.445278,44.265833,0.0,8200.0
14693,8.445278,44.265833,0.0,10000.0
14694,8.445278,44.265833,0.0,15100.0
14720,8.770833,44.416944,0.0,100.0
14721,8.770833,44.416944,0.0,200.0
14722,8.770833,44.416944,0.0,400.0
14723,8.770833,44.416944,0.0,820.0
14724,8.456667,44.275,15.0,4420.0
14725,8.456667,44.275,15.0,6210.0
14726,8.456667,44.275,15.0,6790.0
14727,8.456667,44.275,15.0,7980.0
14728,8.456667,44.275,15.0,9740.0
14729,8.456667,44.275,15.0,10400.0
14730,8.456667,44.275,15.0,11400.0
14731,8.456667,44.275,15.0,11990.0
14732,8.456667,44.275,15.0,13470.0
14733,8.456667,44.275,15.0,17960.0
14734,8.456667,44.275,15.0,24400.0
14735,8.456667,44.275,15.0,41310.0
14736,12.451111000000001,45.435556,3.0,20.0
14737,12.451111000000001,45.435556,3.0,30.0
14738,12.451111000000001,45.435556,3.0,50.0
14739,12.451111000000001,45.435556,3.0,50.0
14740,12.451111000000001,45.435556,3.0,400.0
14741,9.099444,39.191666999999995,2.0,1000.0
14742,9.099444,39.191666999999995,2.0,1180.0
14743,9.099444,39.191666999999995,2.0,1450.0
14744,9.099444,39.191666999999995,2.0,2600.0
14745,9.099444,39.191666999999995,2.0,3200.0
14746,9.036944,39.154722,2.0,5700.0
14747,9.016667,39.081944,2.0,310.0
14748,9.016667,39.081944,2.0,700.0
14749,9.016667,39.081944,2.0,1400.0
14750,9.016667,39.081944,2.0,4650.0
14751,9.016667,39.081944,2.0,5920.0
14752,8.308611,40.558611,9.0,500.0
14753,8.308611,40.558611,9.0,500.0
14754,8.308611,40.558611,9.0,500.0
14755,8.308611,40.558611,9.0,600.0
14756,8.308611,40.558611,9.0,700.0
14757,8.308611,40.558611,9.0,960.0
14758,8.308611,40.558611,9.0,1000.0
14759,8.308611,40.558611,9.0,1750.0
14760,8.308611,40.558611,9.0,1772.0
14761,8.308611,40.558611,9.0,2260.0
14762,8.308611,40.558611,9.0,3751.1
14763,8.308611,40.558611,9.0,5160.0
14764,8.308611,40.558611,0.0,50.0
14765,8.308611,40.558611,0.0,60.0
14766,8.308611,40.558611,0.0,80.0
14767,8.308611,40.558611,0.0,96.0
14768,8.308611,40.558611,0.0,120.0
14769,8.306667,40.583889,2.0,60.0
14770,8.306667,40.583889,2.0,100.0
14771,8.306667,40.583889,2.0,120.0
14772,8.156389,40.783889,2.0,90.0
14773,8.156389,40.783889,2.0,100.0
14774,8.282778,41.061389,8.0,110.0
14775,8.282778,41.061389,8.0,210.0
14776,8.282778,41.061389,8.0,500.0
14777,8.282778,41.061389,8.0,500.0
14778,8.282778,41.061389,8.0,500.0
14779,8.282778,41.061389,8.0,500.0
14780,8.282778,41.061389,8.0,610.0
14781,8.282778,41.061389,8.0,1105.5
14782,8.282778,41.061389,8.0,1300.0
14783,8.282778,41.061389,8.0,1600.0
14784,8.282778,41.061389,8.0,1800.0
14785,8.282778,41.061389,8.0,4684.5
14786,8.282778,41.061389,8.0,5400.0
14787,8.282778,41.061389,0.0,50.0
14788,8.282778,41.061389,0.0,50.0
14789,8.282778,41.061389,0.0,100.0
14790,8.282778,41.061389,0.0,110.0
14791,8.282778,41.061389,0.0,160.0
14792,8.456944,40.284167,2.0,10.0
14793,8.456944,40.284167,2.0,40.0
14794,8.456944,40.284167,2.0,80.0
14795,8.337778,39.108610999999996,2.0,2100.0
14796,8.337778,39.108610999999996,6.0,2400.0
14797,8.337778,39.108610999999996,2.0,2450.0
14798,8.337778,39.108610999999996,2.0,3200.0
14799,8.337778,39.108610999999996,2.0,4000.0
14800,9.602778,39.135833,0.0,50.0
14801,9.602778,39.135833,0.0,50.0
14802,9.602778,39.135833,0.0,50.0
14803,9.602778,39.135833,0.0,110.0
14804,9.602778,39.135833,0.0,230.0
14805,8.333333,39.166667,2.0,1180.0
14806,8.333333,39.166667,2.0,15200.0
14807,8.333333,39.166667,2.0,22000.0
14808,8.208611,40.598889,2.0,20.0
14809,8.208611,40.598889,2.0,20.0
14810,8.894722,41.048889,2.0,140.0
14811,8.894722,41.048889,2.0,350.0
14812,8.894722,41.048889,2.0,380.0
14813,9.430556,41.193889,2.0,210.0
14814,9.430556,41.193889,2.0,220.0
14815,9.430556,41.193889,2.0,260.0
14816,9.3,41.198889,2.0,90.0
14817,9.3,41.198889,2.0,250.0
14818,9.3,41.198889,2.0,300.0
14819,8.404722,40.014167,2.0,60.0
14820,8.404722,40.014167,2.0,120.0
14821,8.385,40.344167,2.0,40.0
14822,8.385,40.344167,2.0,60.0
14823,8.385,40.344167,2.0,80.0
14824,8.474167,39.866667,2.0,1000.0
14825,8.474167,39.866667,2.0,1000.0
14826,8.474167,39.866667,2.0,1300.0
14827,8.533333,39.883333,2.0,300.0
14828,8.533333,39.883333,2.0,910.0
14829,8.533333,39.883333,2.0,950.0
14830,8.533333,39.883333,2.0,3200.0
14831,8.533333,39.883333,2.0,5600.0
14832,8.488611,39.883611,2.0,150.0
14833,8.488611,39.883611,2.0,800.0
14834,8.488611,39.883611,2.0,1000.0
14835,8.525,39.884444,2.0,320.0
14836,8.525,39.884444,2.0,400.0
14837,8.525,39.884444,2.0,820.0
14838,8.169444,40.928889,2.0,40.0
14839,8.169444,40.928889,2.0,60.0
14840,8.169444,40.928889,2.0,150.0
14841,8.450556,40.833889,2.0,50.0
14842,8.450556,40.833889,2.0,80.0
14843,8.450556,40.833889,2.0,120.0
14844,8.450556,40.833889,2.0,120.0
14845,8.450556,40.833889,2.0,300.0
14846,8.417778,40.853889,2.0,70.0
14847,8.417778,40.853889,2.0,120.0
14848,8.417778,40.853889,2.0,500.0
14849,8.417778,40.853889,2.0,500.0
14850,8.417778,40.853889,2.0,600.0
14851,8.419444,39.155,2.0,4100.0
14852,8.419444,39.155,2.0,7700.0
14853,8.419444,39.155,2.0,8100.0
14854,8.419444,39.155,2.0,8700.0
14855,8.626944,40.893889,2.0,120.0
14856,8.626944,40.893889,2.0,200.0
14857,8.626944,40.893889,2.0,300.0
14858,8.696667,40.918056,2.0,120.0
14859,8.696667,40.918056,2.0,200.0
14860,8.696667,40.918056,2.0,220.0
14861,8.565,39.038333,2.0,1100.0
14862,8.483333,39.046667,2.0,3300.0
14863,8.483333,39.046667,2.0,4500.0
14864,8.483333,39.046667,2.0,6470.0
14865,8.483333,39.046667,2.0,7680.0
14866,8.373333,39.199444,2.0,2450.0
14867,8.373333,39.199444,2.0,3000.0
14868,8.373333,39.199444,2.0,4910.0
14869,8.373333,39.199444,2.0,7900.0
14870,8.373333,39.199444,2.0,8500.0
14871,8.373333,39.199444,2.0,90100.0
14872,8.373333,39.199444,2.0,127000.0
14873,8.445278,39.103333,2.0,2000.0
14874,8.445278,39.103333,2.0,3200.0
14875,8.445278,39.103333,2.0,4270.0
14876,8.445278,39.103333,2.0,6900.0
14877,8.445278,39.103333,2.0,7800.0
14878,8.3575,39.111667,12.0,500.0
14879,8.3575,39.111667,12.0,500.0
14880,8.3575,39.111667,12.0,500.0
14881,8.3575,39.111667,12.0,600.0
14882,8.3575,39.111667,12.0,700.0
14883,8.3575,39.111667,12.0,900.0
14884,8.3575,39.111667,12.0,1000.0
14885,8.3575,39.111667,12.0,1370.0
14886,8.3575,39.111667,12.0,1400.0
14887,8.3575,39.111667,12.0,2510.0
14888,8.3575,39.111667,12.0,2781.1
14889,8.3575,39.111667,12.0,2980.0
14890,8.3575,39.111667,12.0,4655.4
14891,8.3575,39.111667,12.0,7580.0
14892,8.3575,39.111667,0.0,70.0
14893,8.3575,39.111667,0.0,90.0
14894,8.3575,39.111667,0.0,130.0
14895,8.3575,39.111667,0.0,140.0
14896,8.3575,39.111667,0.0,250.0
14897,8.248056,40.913889000000005,2.0,10.0
14898,8.248056,40.913889000000005,2.0,50.0
14899,8.248056,40.913889000000005,2.0,200.0
14900,9.208333,41.263889,2.0,100.0
14901,9.208333,41.263889,2.0,160.0
14902,9.208333,41.263889,2.0,240.0
14903,8.530555999999999,39.891110999999995,9.0,600.0
14904,8.530555999999999,39.891110999999995,9.0,1000.0
14905,8.530555999999999,39.891110999999995,9.0,1000.0
14906,8.530555999999999,39.891110999999995,9.0,1180.0
14907,8.530555999999999,39.891110999999995,9.0,1240.0
14908,8.530555999999999,39.891110999999995,9.0,1246.9
14909,8.530555999999999,39.891110999999995,9.0,1300.0
14910,8.530555999999999,39.891110999999995,9.0,3700.0
14911,8.530555999999999,39.891110999999995,9.0,5227.6
14912,8.530555999999999,39.891110999999995,9.0,7205.0
14913,8.530555999999999,39.891110999999995,9.0,8500.0
14914,8.530555999999999,39.891110999999995,9.0,9268.0
14915,8.530555999999999,39.891110999999995,0.0,60.0
14916,8.530555999999999,39.891110999999995,0.0,70.0
14917,8.530555999999999,39.891110999999995,0.0,80.0
14918,8.530555999999999,39.891110999999995,0.0,118.0
14919,8.530555999999999,39.891110999999995,0.0,130.0
14931,17.213889,40.435278000000004,0.0,0.06
14949,9.131667,39.189444,6.0,350.0
14950,9.131667,39.189444,6.0,500.0
14951,9.131667,39.189444,6.0,500.0
14952,9.131667,39.189444,6.0,500.0
14953,9.131667,39.189444,6.0,600.0
14954,9.131667,39.189444,6.0,810.0
14955,9.131667,39.189444,6.0,1000.0
14956,9.131667,39.189444,6.0,1800.0
14957,9.131667,39.189444,6.0,1810.0
14958,9.131667,39.189444,6.0,1813.2
14959,9.131667,39.189444,6.0,2400.0
14960,9.131667,39.189444,6.0,2417.2
14961,9.131667,39.189444,6.0,2930.0
14962,9.131667,39.189444,6.0,7125.0
14963,9.131667,39.189444,6.0,7717.7
14964,9.131667,39.189444,6.0,25830.0
15054,9.036944,39.154722,2.0,1000.0
15055,9.036944,39.154722,2.0,1230.0
15056,9.036944,39.154722,2.0,3700.0
15057,9.036944,39.154722,2.0,4160.0
15058,13.979722,42.755556,0.0,10.0
15059,13.979722,42.755556,0.0,10.0
15060,13.979722,42.755556,0.0,62.0
15061,13.979722,42.755556,0.0,103.0
15062,13.979722,42.755556,0.0,500.0
15063,13.979722,42.755556,0.0,690.0
15064,13.979722,42.755556,0.0,1100.0
15065,12.413333,37.9875,15.0,810.0
15066,12.413333,37.9875,15.0,1090.0
15067,13.715,45.605,0.0,60.0
15068,13.715,45.605,0.0,148.0
15069,13.715,45.605,0.0,160.0
15070,13.715,45.605,0.0,205.0
15071,13.715,45.605,0.0,570.0
15072,13.715,45.605,11.0,610.0
15073,13.715,45.605,11.0,1350.0
15074,13.715,45.605,11.0,1480.0
15075,13.715,45.605,11.0,1600.0
15076,13.715,45.605,11.0,1640.0
15077,13.715,45.605,11.0,1829.0
15078,13.715,45.605,11.0,2050.0
15079,13.715,45.605,11.0,2150.0
15080,13.715,45.605,11.0,2750.0
15081,13.715,45.605,11.0,2800.0
15082,13.715,45.605,11.0,2900.0
15083,13.715,45.605,11.0,3000.0
15084,13.715,45.605,11.0,5871.0
15085,13.715,45.605,11.0,7880.0
15086,14.3,37.95,6.0,230.0
15087,14.3,37.95,6.0,250.0
15107,9.690278,39.958056,2.0,1500.0
15108,9.690278,39.958056,2.0,1600.0
15109,9.690278,39.958056,2.0,1600.0
15110,9.690278,39.958056,2.0,1750.0
15111,13.994167000000001,40.954167,8.0,12.0
15112,13.994167000000001,40.954167,8.0,50.0
15113,13.994167000000001,40.954167,8.0,50.0
15114,13.994167000000001,40.954167,8.0,50.0
15115,13.994167000000001,40.954167,8.0,50.0
15116,13.994167000000001,40.954167,8.0,50.0
15117,13.994167000000001,40.954167,8.0,270.0
15118,13.994167000000001,40.954167,8.0,500.0
15119,13.994167000000001,40.954167,8.0,670.0
15120,13.994167000000001,40.954167,8.0,750.0
15121,12.813889,41.406944,2.0,396.0
15122,12.813889,41.406944,2.0,521.0
15123,12.813889,41.406944,2.0,600.0
15124,12.813889,41.406944,2.0,1110.0
15125,12.813889,41.406944,2.0,1163.0
15126,12.813889,41.406944,2.0,1400.0
15127,12.813889,41.406944,2.0,1590.0
15128,12.813889,41.406944,2.0,1781.0
15129,12.813889,41.406944,2.0,1830.0
15130,12.813889,41.406944,2.0,1860.0
15131,12.813889,41.406944,2.0,3140.0
15132,12.813889,41.406944,2.0,3230.0
15133,12.813889,41.406944,2.0,4170.0
15134,12.813889,41.406944,2.0,5860.0
15135,12.813889,41.406944,2.0,6180.0
15136,13.373056,38.167221999999995,8.0,334.0
15157,10.486667,43.301667,1.0,3090.0
15158,10.486667,43.301667,1.0,3830.0
15159,10.486667,43.301667,1.0,4550.0
15160,10.486667,43.301667,1.0,4690.0
15161,10.486667,43.301667,1.0,5190.0
15162,10.486667,43.301667,1.0,5500.0
15163,10.486667,43.301667,1.0,5560.0
15164,10.486667,43.301667,1.0,5570.0
15165,10.486667,43.301667,1.0,6410.0
15166,10.486667,43.301667,1.0,6630.0
15167,10.486667,43.301667,1.0,7260.0
15168,10.486667,43.301667,1.0,11590.0
15169,10.486667,43.301667,1.0,23420.0
15170,10.486667,43.301667,1.0,29120.0
15171,10.486667,43.301667,1.0,43100.0
15172,13.738610999999999,41.238889,2.0,131.0
15173,13.738610999999999,41.238889,2.0,230.0
15174,13.738610999999999,41.238889,2.0,506.0
15175,13.738610999999999,41.238889,2.0,730.0
15176,13.738610999999999,41.238889,2.0,1080.0
15177,13.738610999999999,41.238889,2.0,1100.0
15178,13.738610999999999,41.238889,2.0,1200.0
15179,13.738610999999999,41.238889,2.0,1418.0
15180,13.738610999999999,41.238889,2.0,1520.0
15181,13.738610999999999,41.238889,2.0,1628.0
15182,13.738610999999999,41.238889,2.0,1979.0
15183,13.738610999999999,41.238889,2.0,2149.0
15184,13.738610999999999,41.238889,2.0,2180.0
15185,13.738610999999999,41.238889,2.0,2970.0
15186,13.738610999999999,41.238889,2.0,3780.0
15193,12.221944,41.7875,1.0,140.0
15194,12.221944,41.7875,1.0,200.0
15195,12.221944,41.7875,1.0,280.0
15196,12.221944,41.7875,1.0,640.0
15197,12.221944,41.7875,1.0,650.0
15198,11.278333,42.412778,1.0,1050.0
15199,11.278333,42.412778,1.0,4080.0
15200,11.278333,42.412778,1.0,8040.0
15201,11.278333,42.412778,1.0,8800.0
15202,11.278333,42.412778,1.0,9940.0
15203,11.278333,42.412778,1.0,10560.0
15204,11.278333,42.412778,1.0,12360.0
15205,11.278333,42.412778,1.0,12410.0
15206,11.278333,42.412778,1.0,13940.0
15207,11.278333,42.412778,1.0,15270.0
15208,11.278333,42.412778,1.0,17750.0
15209,11.278333,42.412778,1.0,24360.0
15210,11.278333,42.412778,1.0,24750.0
15211,11.278333,42.412778,1.0,31950.0
15212,11.278333,42.412778,1.0,33590.0
15213,9.691667,39.953056,0.0,50.0
15214,9.691667,39.953056,0.0,50.0
15215,9.691667,39.953056,0.0,50.0
15216,9.691667,39.953056,0.0,190.0
15217,9.691667,39.953056,0.0,286.0
15218,9.696944,39.945,2.0,1100.0
15219,9.696944,39.945,2.0,1400.0
15220,9.696944,39.945,2.0,2350.0
15221,9.696944,39.945,2.0,3600.0
15222,8.443889,40.159167,2.0,20.0
15223,8.443889,40.159167,2.0,60.0
15224,8.443889,40.159167,2.0,150.0
15225,9.443611,41.143889,2.0,30.0
15226,9.443611,41.143889,2.0,100.0
15227,9.443611,41.143889,2.0,120.0
15235,9.63,40.225,2.0,1200.0
15236,9.63,40.225,2.0,1300.0
15237,10.681389,42.945555999999996,5.0,160.0
15238,10.681389,42.945555999999996,5.0,500.0
15239,10.681389,42.945555999999996,5.0,500.0
15240,10.681389,42.945555999999996,5.0,630.0
15241,10.681389,42.945555999999996,5.0,770.0
15242,10.681389,42.945555999999996,5.0,1000.0
15243,10.681389,42.945555999999996,5.0,1583.3
15244,10.681389,42.945555999999996,5.0,1760.0
15245,10.681389,42.945555999999996,5.0,2481.0
15246,10.681389,42.945555999999996,5.0,2600.0
15247,10.681389,42.945555999999996,5.0,2977.0
15248,10.681389,42.945555999999996,5.0,4091.0
15249,10.681389,42.945555999999996,5.0,4402.0
15250,10.681389,42.945555999999996,5.0,4702.9
15251,10.681389,42.945555999999996,5.0,5095.7
15252,10.681389,42.945555999999996,5.0,7600.0
15253,10.681389,42.945555999999996,0.0,188.1
15254,10.681389,42.945555999999996,0.0,188.9
15255,10.681389,42.945555999999996,0.0,248.1
15256,10.681389,42.945555999999996,0.0,297.7
15257,10.681389,42.945555999999996,0.0,464.5
15258,10.530833,43.189167,5.0,500.0
15259,10.530833,43.189167,5.0,500.0
15260,10.530833,43.189167,5.0,520.0
15261,10.530833,43.189167,5.0,1000.0
15262,10.530833,43.189167,5.0,1119.4
15263,10.530833,43.189167,5.0,1650.0
15264,10.530833,43.189167,5.0,3009.0
15265,10.530833,43.189167,5.0,4900.0
15266,10.530833,43.189167,5.0,5192.3
15267,10.530833,43.189167,5.0,7597.0
15268,10.530833,43.189167,5.0,8074.0
15269,10.530833,43.189167,5.0,8740.0
15270,10.530833,43.189167,5.0,10820.9
15271,10.530833,43.189167,5.0,12938.6
15272,10.530833,43.189167,0.0,300.9
15273,10.530833,43.189167,0.0,341.2
15274,10.530833,43.189167,0.0,544.2
15275,10.530833,43.189167,0.0,641.2
15276,10.530833,43.189167,0.0,759.7
15277,10.860555999999999,42.766389000000004,1.0,1540.0
15278,10.860555999999999,42.766389000000004,1.0,1560.0
15279,10.860555999999999,42.766389000000004,1.0,2760.0
15280,10.860555999999999,42.766389000000004,1.0,2860.0
15281,10.860555999999999,42.766389000000004,1.0,2870.0
15282,10.860555999999999,42.766389000000004,1.0,3650.0
15283,10.860555999999999,42.766389000000004,1.0,4170.0
15284,10.860555999999999,42.766389000000004,1.0,4530.0
15285,10.860555999999999,42.766389000000004,1.0,5840.0
15286,10.860555999999999,42.766389000000004,1.0,7150.0
15287,10.860555999999999,42.766389000000004,1.0,9280.0
15288,10.860555999999999,42.766389000000004,1.0,9900.0
15289,10.860555999999999,42.766389000000004,1.0,14360.0
15290,10.860555999999999,42.766389000000004,1.0,19370.0
15291,10.860555999999999,42.766389000000004,1.0,33470.0
15292,15.736111,39.939721999999996,0.0,120.0
15293,15.736111,39.939721999999996,0.0,410.0
15294,15.736111,39.939721999999996,0.0,1000.0
15295,15.736111,39.939721999999996,0.0,1610.0
15296,15.736111,39.939721999999996,0.0,2190.0
15297,15.736111,39.939721999999996,0.0,2220.0
15298,15.736111,39.939721999999996,0.0,2250.0
15299,13.004722000000001,41.305833,2.0,207.0
15300,13.004722000000001,41.305833,2.0,226.0
15301,13.004722000000001,41.305833,2.0,712.0
15302,13.004722000000001,41.305833,2.0,733.0
15303,13.004722000000001,41.305833,2.0,835.0
15304,13.004722000000001,41.305833,2.0,1040.0
15305,13.004722000000001,41.305833,2.0,1120.0
15306,13.004722000000001,41.305833,2.0,1200.0
15307,13.004722000000001,41.305833,2.0,1310.0
15308,13.004722000000001,41.305833,2.0,1340.0
15309,13.004722000000001,41.305833,2.0,1660.0
15310,13.004722000000001,41.305833,2.0,1946.0
15311,13.004722000000001,41.305833,2.0,2200.0
15312,13.004722000000001,41.305833,2.0,2800.0
15313,9.633056,40.918889,2.0,30.0
15314,9.633056,40.918889,2.0,50.0
15315,9.633056,40.918889,2.0,120.0
15316,9.598333,39.408333,2.0,350.0
15317,9.598333,39.408333,2.0,800.0
15318,9.598333,39.408333,2.0,800.0
15319,12.688333,41.454167,1.0,120.0
15320,12.688333,41.454167,1.0,129.0
15321,12.688333,41.454167,1.0,138.0
15322,12.688333,41.454167,1.0,150.0
15323,12.688333,41.454167,1.0,860.0
15324,12.688333,41.454167,1.0,1800.0
15325,9.636667,39.433333000000005,2.0,800.0
15326,9.636667,39.433333000000005,2.0,1000.0
15327,9.541667,41.063889,2.0,50.0
15328,9.541667,41.063889,2.0,80.0
15329,10.311389,42.822778,5.0,310.0
15330,10.311389,42.822778,5.0,500.0
15331,10.311389,42.822778,5.0,500.0
15332,10.311389,42.822778,5.0,828.9
15333,10.311389,42.822778,5.0,880.0
15334,10.311389,42.822778,5.0,1156.0
15335,10.311389,42.822778,5.0,1343.7
15336,10.311389,42.822778,5.0,1713.0
15337,10.311389,42.822778,5.0,1813.2
15338,10.311389,42.822778,5.0,3174.6
15339,10.311389,42.822778,5.0,4263.9
15340,10.311389,42.822778,5.0,4267.0
15341,10.311389,42.822778,5.0,7400.0
15342,10.311389,42.822778,5.0,16400.0
15343,10.311389,42.822778,0.0,105.6
15344,10.311389,42.822778,0.0,128.4
15345,10.311389,42.822778,0.0,171.3
15346,10.311389,42.822778,0.0,239.3
15347,12.651667,41.443333,1.0,116.0
15348,12.651667,41.443333,1.0,142.0
15349,12.651667,41.443333,1.0,160.0
15350,12.651667,41.443333,1.0,180.0
15351,12.651667,41.443333,1.0,320.0
15352,12.651667,41.443333,1.0,920.0
15353,12.651667,41.443333,1.0,1100.0
15354,12.651667,41.443333,1.0,1960.0
15355,11.875,42.019444,1.0,134.0
15356,11.875,42.019444,1.0,150.0
15357,11.875,42.019444,1.0,170.0
15358,11.875,42.019444,1.0,250.0
15359,11.875,42.019444,1.0,1800.0
15360,11.775,42.098333000000004,6.0,125.0
15361,11.775,42.098333000000004,6.0,130.0
15362,11.775,42.098333000000004,6.0,180.0
15363,11.775,42.098333000000004,6.0,230.0
15364,11.775,42.098333000000004,6.0,470.0
15365,10.276389,43.733333,2.0,780.0
15366,10.276389,43.733333,2.0,800.0
15367,10.276389,43.733333,2.0,1560.0
15368,10.276389,43.733333,2.0,2380.0
15369,10.276389,43.733333,2.0,3030.0
15370,10.276389,43.733333,2.0,3740.0
15371,10.276389,43.733333,2.0,4270.0
15372,10.276389,43.733333,2.0,4970.0
15373,10.276389,43.733333,2.0,6300.0
15374,10.276389,43.733333,2.0,6590.0
15375,10.276389,43.733333,2.0,10820.0
15376,10.276389,43.733333,2.0,12040.0
15377,10.276389,43.733333,2.0,20290.0
15378,12.216111,41.774167,5.0,1000.0
15379,12.216111,41.774167,5.0,6543.0
15380,12.211111,41.769444,0.0,95.0
15381,12.211111,41.769444,0.0,160.0
15382,12.211111,41.769444,0.0,400.0
15383,12.211111,41.769444,0.0,1000.0
15384,12.211111,41.769444,0.0,1205.0
15385,12.211111,41.769444,0.0,1600.0
15386,12.211111,41.769444,0.0,1600.0
15387,12.211111,41.769444,0.0,1650.0
15388,12.211111,41.769444,0.0,1650.0
15389,12.211111,41.769444,0.0,2150.0
15390,12.211111,41.769444,0.0,2740.0
15391,12.211111,41.769444,0.0,2920.0
15392,12.211111,41.769444,0.0,3900.0
15393,12.211111,41.769444,0.0,4500.0
15394,12.211111,41.769444,0.0,4800.0
15395,12.211111,41.769444,0.0,4972.7
15396,9.62,39.418611,2.0,100.0
15397,9.62,39.418611,2.0,900.0
15398,9.62,39.418611,2.0,1100.0
15399,9.62,39.418611,2.0,1250.0
15400,9.62,39.418611,2.0,1300.0
15401,10.166667,43.955833,2.0,270.0
15402,10.166667,43.955833,2.0,420.0
15403,10.166667,43.955833,2.0,690.0
15404,10.166667,43.955833,2.0,700.0
15405,10.166667,43.955833,2.0,1140.0
15406,10.166667,43.955833,2.0,1410.0
15407,10.166667,43.955833,2.0,1520.0
15408,10.166667,43.955833,2.0,3030.0
15409,10.166667,43.955833,2.0,3340.0
15410,10.166667,43.955833,2.0,3740.0
15411,10.166667,43.955833,2.0,4590.0
15412,10.166667,43.955833,2.0,4730.0
15413,10.166667,43.955833,2.0,5840.0
15414,10.166667,43.955833,2.0,5860.0
15415,10.166667,43.955833,2.0,23420.0
15416,12.503889,41.575,6.0,220.0
15417,12.16,41.888889,7.0,190.0
15418,9.243611,39.211667,2.0,50.0
15419,13.57,41.233333,3.0,100.0
15420,13.57,41.233333,3.0,130.0
15421,13.57,41.233333,3.0,150.0
15422,13.57,41.233333,3.0,362.0
15423,13.57,41.233333,3.0,970.0
15424,13.57,41.233333,3.0,1050.0
15425,13.57,41.233333,3.0,1130.0
15426,13.57,41.233333,3.0,1270.0
15427,13.57,41.233333,3.0,1480.0
15428,13.57,41.233333,3.0,1500.0
15429,13.57,41.233333,3.0,1600.0
15430,13.57,41.233333,3.0,2425.0
15431,13.57,41.233333,3.0,4400.0
15432,13.57,41.233333,3.0,4560.0
15433,13.57,41.233333,3.0,29900.0
15434,14.3,37.95,5.0,166.2
15435,14.3,37.95,5.0,200.0
15436,14.3,37.95,5.0,257.3
15437,8.42,39.12,2.0,1700.0
15438,8.42,39.12,2.0,2360.0
15439,8.42,39.12,2.0,4800.0
15440,8.42,39.12,2.0,7100.0
15441,8.42,39.12,2.0,7300.0
15442,12.079444,41.938611,7.0,30.0
15443,12.079444,41.938611,7.0,1000.0
15444,12.049078999999999,41.955574,0.0,980.0
15445,12.049078999999999,41.955574,0.0,1300.0
15446,12.049078999999999,41.955574,0.0,1740.0
15447,12.049078999999999,41.955574,0.0,1740.0
15448,12.049078999999999,41.955574,0.0,2000.0
15449,12.049078999999999,41.955574,0.0,2050.0
15450,12.049078999999999,41.955574,0.0,2600.0
15451,12.049078999999999,41.955574,0.0,2610.0
15452,12.049078999999999,41.955574,0.0,3000.0
15453,12.049078999999999,41.955574,0.0,3500.0
15454,12.049078999999999,41.955574,0.0,4000.0
15455,12.049078999999999,41.955574,0.0,4573.0
15456,12.049078999999999,41.955574,0.0,24530.5
15457,12.049078999999999,41.955574,0.0,110.0
15458,12.049078999999999,41.955574,0.0,200.0
15459,12.049078999999999,41.955574,0.0,600.0
15460,14.035832999999998,40.88,7.0,50.0
15461,14.035832999999998,40.88,7.0,50.0
15462,10.303333,43.559166999999995,3.0,140.0
15463,10.303333,43.559166999999995,3.0,1600.0
15464,10.303333,43.559166999999995,3.0,2030.0
15465,10.303333,43.559166999999995,3.0,2300.0
15466,10.303333,43.559166999999995,3.0,3160.0
15467,10.303333,43.559166999999995,3.0,3230.0
15468,10.303333,43.559166999999995,3.0,4310.0
15469,10.303333,43.559166999999995,3.0,4330.0
15470,10.303333,43.559166999999995,3.0,4700.0
15471,10.303333,43.559166999999995,3.0,7600.0
15472,10.303333,43.559166999999995,3.0,7720.0
15473,10.303333,43.559166999999995,3.0,7790.0
15474,10.303333,43.559166999999995,3.0,8650.0
15475,10.303333,43.559166999999995,3.0,29620.0
15476,10.303333,43.559166999999995,3.0,119910.0
15477,11.688611,42.232778,8.0,2199.0
15478,15.926667000000002,38.539444,17.0,40.0
15479,15.929444,38.539444,0.0,900.0
15480,15.929444,38.539444,0.0,1256.0
15481,15.929444,38.539444,0.0,1415.1
15482,15.929444,38.539444,0.0,9855.0
15483,15.31,38.217222,7.0,260.0
15484,14.056667000000001,40.786667,7.0,11.0
15485,14.056667000000001,40.786667,7.0,50.0
15486,14.056667000000001,40.786667,7.0,50.0
15487,14.056667000000001,40.786667,7.0,50.0
15488,14.056667000000001,40.786667,7.0,50.0
15489,14.056667000000001,40.786667,7.0,360.0
15490,14.056667000000001,40.786667,7.0,440.0
15491,14.056667000000001,40.786667,7.0,500.0
15492,14.056667000000001,40.786667,7.0,1050.0
15493,14.056667000000001,40.786667,7.0,6380.0
15494,10.271111,43.735278,5.0,70.0
15495,10.271111,43.735278,5.0,300.0
15496,10.271111,43.735278,5.0,700.0
15497,10.271111,43.735278,5.0,1000.0
15498,10.271111,43.735278,5.0,1040.0
15499,10.271111,43.735278,5.0,1289.0
15500,10.271111,43.735278,5.0,1800.0
15501,10.271111,43.735278,5.0,2351.6
15502,10.271111,43.735278,5.0,2474.1
15503,10.271111,43.735278,5.0,2606.0
15504,10.271111,43.735278,5.0,2860.0
15505,10.271111,43.735278,5.0,3188.5
15506,10.271111,43.735278,5.0,3686.0
15507,10.271111,43.735278,5.0,3709.7
15508,10.271111,43.735278,5.0,3982.0
15509,10.271111,43.735278,5.0,7644.9
15510,10.271111,43.735278,5.0,9200.0
15511,10.271111,43.735278,0.0,147.6
15512,10.271111,43.735278,0.0,260.6
15513,10.271111,43.735278,0.0,368.6
15514,10.271111,43.735278,0.0,508.6
15515,10.271111,43.735278,0.0,719.1
15516,14.243332999999998,40.828056,6.0,450.0
15517,14.243332999999998,40.828056,6.0,500.0
15518,14.243332999999998,40.828056,6.0,2800.0
15519,14.243056,40.83,0.0,124.2
15520,14.243056,40.83,0.0,128.0
15521,14.243056,40.83,0.0,540.0
15522,14.243056,40.83,0.0,553.0
15523,14.243056,40.83,0.0,700.0
15524,14.243056,40.83,0.0,1090.0
15525,14.243056,40.83,0.0,1200.0
15526,14.243056,40.83,0.0,1290.0
15527,14.243056,40.83,0.0,2500.0
15528,14.243056,40.83,0.0,2713.2
15529,14.243056,40.83,0.0,3920.0
15530,14.243056,40.83,0.0,4000.0
15531,14.243056,40.83,0.0,5407.0
15532,10.239444,43.8625,6.0,240.0
15533,10.239444,43.8625,6.0,660.0
15534,10.239444,43.8625,16.0,880.0
15535,10.239444,43.8625,1.0,1460.0
15536,10.239444,43.8625,6.0,2140.0
15537,10.239444,43.8625,16.0,2460.0
15538,10.239444,43.8625,2.0,2510.0
15539,10.239444,43.8625,2.0,2670.0
15540,10.239444,43.8625,6.0,2910.0
15541,10.239444,43.8625,1.0,3230.0
15542,10.239444,43.8625,6.0,3640.0
15543,10.239444,43.8625,2.0,4560.0
15544,10.239444,43.8625,2.0,4820.0
15545,10.239444,43.8625,2.0,16000.0
15546,10.239444,43.8625,1.0,26570.0
15547,10.239444,43.8625,1.0,35170.0
15548,9.580833,40.93,0.0,50.0
15549,9.580833,40.93,0.0,50.0
15550,9.580833,40.93,0.0,60.0
15551,9.580833,40.93,0.0,81.0
15552,9.580833,40.93,0.0,140.0
15553,9.548055999999999,40.938889,2.0,130.0
15554,9.548055999999999,40.938889,2.0,200.0
15555,9.548055999999999,40.938889,2.0,250.0
15556,9.548055999999999,40.938889,2.0,600.0
15557,9.548055999999999,40.938889,2.0,600.0
15558,11.003333,42.654722,4.0,0.3
15559,11.003333,42.654722,4.0,225.0
15560,11.003333,42.654722,4.0,400.0
15561,11.003333,42.654722,4.0,780.0
15562,11.003333,42.654722,4.0,1006.9
15563,11.003333,42.654722,4.0,1050.0
15564,11.003333,42.654722,4.0,1628.0
15565,11.003333,42.654722,4.0,1843.0
15566,11.003333,42.654722,4.0,1964.3
15567,11.003333,42.654722,4.0,2307.0
15568,11.003333,42.654722,4.0,3410.0
15569,11.003333,42.654722,4.0,4581.0
15570,11.003333,42.654722,4.0,4824.0
15571,11.003333,42.654722,4.0,4832.7
15572,11.003333,42.654722,4.0,5006.6
15573,11.003333,42.654722,4.0,5717.0
15574,11.003333,42.654722,4.0,6655.0
15575,11.003333,42.654722,0.0,125.6
15576,11.003333,42.654722,0.0,184.3
15577,11.003333,42.654722,0.0,350.0
15578,11.003333,42.654722,0.0,485.1
15579,11.003333,42.654722,0.0,665.5
15580,9.680278,40.331389,2.0,950.0
15581,9.680278,40.331389,2.0,1240.0
15582,9.715556,40.361111,2.0,380.0
15583,9.715556,40.361111,2.0,400.0
15584,16.028610999999998,39.338611,17.0,90.0
15585,16.032778,39.338889,0.0,1300.0
15586,16.032778,39.338889,0.0,5323.0
15587,12.730278,45.527778000000005,0.0,300.0
15588,12.730278,45.527778000000005,0.0,410.0
15589,12.730278,45.527778000000005,0.0,450.0
15590,12.730278,45.527778000000005,0.0,560.0
15591,12.730278,45.527778000000005,0.0,800.0
15592,14.844444000000001,40.614167,12.0,1200.0
15593,14.844444000000001,40.614167,12.0,1674.0
15594,14.844444000000001,40.614167,12.0,1800.0
15595,14.844444000000001,40.614167,12.0,1800.0
15596,14.844444000000001,40.614167,12.0,1830.0
15597,14.844444000000001,40.614167,12.0,2000.0
15598,14.844444000000001,40.614167,12.0,2740.0
15599,14.844444000000001,40.614167,12.0,2801.0
15600,14.844444000000001,40.614167,12.0,3077.0
15601,14.844444000000001,40.614167,12.0,4192.0
15602,14.844444000000001,40.614167,12.0,4940.0
15603,14.844444000000001,40.614167,0.0,110.0
15604,14.844444000000001,40.614167,0.0,419.2
15605,14.844444000000001,40.614167,0.0,2504.1
15606,10.558889,42.947222,1.0,1070.0
15607,10.558889,42.947222,1.0,1440.0
15608,10.558889,42.947222,1.0,1560.0
15609,10.558889,42.947222,1.0,2170.0
15610,10.558889,42.947222,1.0,2920.0
15611,10.558889,42.947222,1.0,3500.0
15612,10.558889,42.947222,1.0,4800.0
15613,10.558889,42.947222,1.0,5130.0
15614,10.558889,42.947222,1.0,5440.0
15615,10.558889,42.947222,1.0,6440.0
15616,10.558889,42.947222,1.0,7050.0
15617,10.558889,42.947222,1.0,9750.0
15618,10.558889,42.947222,1.0,17950.0
15619,10.558889,42.947222,1.0,34710.0
15620,9.588611,39.268611,2.0,500.0
15621,14.324167000000001,40.816666999999995,19.0,0.8
15622,14.324167000000001,40.816666999999995,19.0,50.0
15623,14.324167000000001,40.816666999999995,19.0,50.0
15624,14.324167000000001,40.816666999999995,19.0,50.0
15625,14.324167000000001,40.816666999999995,19.0,50.0
15626,14.324167000000001,40.816666999999995,19.0,50.0
15627,14.324167000000001,40.816666999999995,19.0,50.0
15628,14.324167000000001,40.816666999999995,19.0,460.0
15629,14.324167000000001,40.816666999999995,19.0,2300.0
15630,14.324167000000001,40.816666999999995,19.0,13200.0
15631,14.324444,40.817221999999994,7.0,500.0
15632,14.324444,40.817221999999994,7.0,2190.0
15633,14.324444,40.817221999999994,7.0,2800.0
15634,14.297778,40.827778,6.0,760.0
15635,14.297778,40.827778,6.0,769.0
15636,14.297778,40.827778,6.0,1763.0
15637,14.297778,40.827778,6.0,2234.0
15638,14.297778,40.827778,6.0,2924.0
15639,14.297778,40.827778,6.0,3830.0
15640,14.297778,40.827778,6.0,5033.0
15641,14.297778,40.827778,6.0,10000.0
15642,14.297778,40.827778,0.0,154.0
15643,14.297778,40.827778,0.0,176.3
15644,14.297778,40.827778,0.0,781.2
15645,14.297778,40.827778,0.0,4004.0
15646,10.396666999999999,42.763611,2.0,1190.0
15647,10.396666999999999,42.763611,2.0,2110.0
15648,10.396666999999999,42.763611,2.0,2880.0
15649,10.396666999999999,42.763611,2.0,2890.0
15650,10.396666999999999,42.763611,2.0,2910.0
15651,10.396666999999999,42.763611,16.0,3110.0
15652,10.396666999999999,42.763611,2.0,3160.0
15653,10.396666999999999,42.763611,2.0,3600.0
15654,10.396666999999999,42.763611,2.0,3720.0
15655,10.396666999999999,42.763611,2.0,5810.0
15656,10.396666999999999,42.763611,2.0,7610.0
15657,10.396666999999999,42.763611,2.0,10510.0
15658,10.396666999999999,42.763611,2.0,17620.0
15659,10.396666999999999,42.763611,2.0,25370.0
15660,8.727222,38.933333000000005,2.0,600.0
15661,8.727222,38.933333000000005,2.0,700.0
15662,8.727222,38.933333000000005,2.0,1540.0
15663,8.727222,38.933333000000005,2.0,2400.0
15664,8.603333000000001,38.951389,2.0,1200.0
15665,8.603333000000001,38.951389,2.0,3400.0
15666,11.128333,42.441111,2.0,2700.0
15667,11.128333,42.441111,2.0,3660.0
15668,11.128333,42.441111,2.0,4180.0
15669,11.128333,42.441111,2.0,4690.0
15670,11.128333,42.441111,2.0,6010.0
15671,11.128333,42.441111,2.0,6600.0
15672,11.128333,42.441111,2.0,6940.0
15673,11.128333,42.441111,2.0,7760.0
15674,11.128333,42.441111,2.0,11830.0
15675,11.128333,42.441111,2.0,18200.0
15676,11.128333,42.441111,2.0,21080.0
15677,11.128333,42.441111,2.0,26060.0
15678,11.128333,42.441111,2.0,29770.0
15679,11.128333,42.441111,2.0,29920.0
15680,11.128333,42.441111,2.0,30410.0
15681,10.321667,42.803333,2.0,1430.0
15682,10.321667,42.803333,2.0,1980.0
15683,10.321667,42.803333,2.0,2100.0
15684,10.321667,42.803333,2.0,2600.0
15685,10.321667,42.803333,2.0,2850.0
15686,10.321667,42.803333,2.0,3070.0
15687,10.321667,42.803333,2.0,3760.0
15688,10.321667,42.803333,2.0,3900.0
15689,10.321667,42.803333,2.0,5560.0
15690,10.321667,42.803333,2.0,6320.0
15691,10.321667,42.803333,2.0,7110.0
15692,10.321667,42.803333,2.0,12540.0
15693,10.321667,42.803333,2.0,19880.0
15694,10.321667,42.803333,2.0,20460.0
15695,14.195,40.794722,16.0,14.0
15696,14.195,40.794722,16.0,50.0
15697,14.195,40.794722,16.0,50.0
15698,14.195,40.794722,16.0,50.0
15699,14.195,40.794722,16.0,50.0
15700,14.195,40.794722,16.0,420.0
15701,14.195,40.794722,16.0,480.0
15702,14.195,40.794722,16.0,990.0
15703,14.119167000000001,40.818611,15.0,0.8
15704,14.119167000000001,40.818611,15.0,50.0
15705,14.119167000000001,40.818611,15.0,50.0
15706,14.119167000000001,40.818611,15.0,50.0
15707,14.119167000000001,40.818611,15.0,50.0
15708,14.119167000000001,40.818611,15.0,50.0
15709,14.119167000000001,40.818611,15.0,270.0
15710,14.119167000000001,40.818611,15.0,410.0
15711,14.119167000000001,40.818611,15.0,950.0
15712,14.119167000000001,40.818611,15.0,60130.0
15713,14.905278,40.255278000000004,6.0,650.0
15714,14.905278,40.255278000000004,6.0,1100.0
15715,14.905278,40.255278000000004,6.0,1880.0
15716,14.905278,40.255278000000004,6.0,2300.0
15717,14.904722,40.258055999999996,0.0,220.0
15718,14.904722,40.258055999999996,0.0,240.0
15719,14.904722,40.258055999999996,0.0,305.3
15720,14.904722,40.258055999999996,0.0,340.0
15721,14.904722,40.258055999999996,0.0,562.5
15722,14.904722,40.258055999999996,0.0,1000.0
15723,14.904722,40.258055999999996,0.0,1070.0
15724,14.904722,40.258055999999996,0.0,1200.0
15725,14.904722,40.258055999999996,0.0,1230.0
15726,14.904722,40.258055999999996,0.0,1595.0
15727,14.904722,40.258055999999996,0.0,1600.2
15728,14.904722,40.258055999999996,0.0,1630.0
15729,14.904722,40.258055999999996,0.0,3053.0
15730,14.904722,40.258055999999996,0.0,5400.0
15731,14.904722,40.258055999999996,0.0,5625.0
15732,14.904722,40.258055999999996,0.0,6000.0
15733,9.551944,39.133333,2.0,1700.0
15734,13.575833,45.755,12.0,2260.0
15735,13.575833,45.755,12.0,2720.0
15736,13.575833,45.755,12.0,3000.0
15737,13.575833,45.755,12.0,5000.0
15738,13.575833,45.755,12.0,7300.0
15739,13.575833,45.755,12.0,7420.0
15740,13.575833,45.755,12.0,44000.0
15741,14.938332999999998,40.32,0.0,70.1
15742,14.938332999999998,40.32,0.0,105.7
15743,14.938332999999998,40.32,11.0,293.0
15744,14.938332999999998,40.32,11.0,345.0
15745,14.938332999999998,40.32,11.0,1057.0
15746,14.938332999999998,40.32,11.0,1100.0
15747,14.938332999999998,40.32,11.0,1130.0
15748,14.938332999999998,40.32,11.0,1150.0
15749,14.938332999999998,40.32,11.0,1200.0
15750,14.938332999999998,40.32,11.0,1234.0
15751,14.938332999999998,40.32,11.0,1674.0
15752,14.938332999999998,40.32,0.0,1714.3
15753,14.938332999999998,40.32,11.0,9600.0
15754,13.701667,41.254166999999995,2.0,240.0
15755,13.701667,41.254166999999995,2.0,493.0
15756,13.701667,41.254166999999995,2.0,898.0
15757,13.701667,41.254166999999995,2.0,900.0
15758,13.701667,41.254166999999995,2.0,918.0
15759,13.701667,41.254166999999995,2.0,1160.0
15760,13.701667,41.254166999999995,2.0,1509.0
15761,13.701667,41.254166999999995,2.0,1813.0
15762,13.701667,41.254166999999995,2.0,2000.0
15763,13.701667,41.254166999999995,2.0,2880.0
15764,13.701667,41.254166999999995,2.0,4188.0
15765,13.701667,41.254166999999995,2.0,4250.0
15766,13.701667,41.254166999999995,2.0,4380.0
15767,13.701667,41.254166999999995,2.0,4610.0
15768,13.701667,41.254166999999995,2.0,6250.0
15769,13.701667,41.254166999999995,2.0,12350.0
15770,12.92,41.38,2.0,253.0
15771,12.92,41.38,2.0,350.0
15772,12.92,41.38,2.0,410.0
15773,12.92,41.38,2.0,1030.0
15774,12.92,41.38,2.0,1080.0
15775,12.92,41.38,2.0,1090.0
15776,12.92,41.38,2.0,1130.0
15777,12.92,41.38,2.0,1270.0
15778,12.92,41.38,2.0,1730.0
15779,12.92,41.38,2.0,2680.0
15780,12.92,41.38,2.0,2844.0
15781,12.92,41.38,2.0,4774.0
15782,12.92,41.38,2.0,6600.0
15783,9.690278,39.968610999999996,2.0,200.0
15784,9.690278,39.968610999999996,2.0,800.0
15785,9.690278,39.968610999999996,2.0,1200.0
15786,10.538611,43.104444,1.0,2370.0
15787,10.538611,43.104444,10.0,4300.0
15788,10.538611,43.104444,10.0,4470.0
15789,10.538611,43.104444,10.0,4810.0
15790,10.538611,43.104444,10.0,6660.0
15791,10.538611,43.104444,10.0,7680.0
15792,10.538611,43.104444,10.0,9550.0
15793,10.538611,43.104444,1.0,9740.0
15794,10.538611,43.104444,1.0,10690.0
15795,10.538611,43.104444,10.0,11300.0
15796,10.538611,43.104444,10.0,35670.0
15797,10.538611,43.104444,10.0,58240.0
15798,13.343611,41.290556,2.0,160.0
15799,13.343611,41.290556,2.0,200.0
15800,13.343611,41.290556,2.0,300.0
15801,13.343611,41.290556,2.0,379.0
15802,13.343611,41.290556,2.0,510.0
15803,13.343611,41.290556,2.0,700.0
15804,13.343611,41.290556,2.0,910.0
15805,13.343611,41.290556,2.0,1110.0
15806,13.343611,41.290556,2.0,1400.0
15807,13.343611,41.290556,2.0,1440.0
15808,13.343611,41.290556,2.0,1900.0
15809,13.343611,41.290556,2.0,2159.0
15810,13.343611,41.290556,2.0,3188.0
15811,13.343611,41.290556,2.0,4760.0
15812,13.343611,41.290556,2.0,16400.0
15813,14.731667000000002,40.658333,16.0,0.5
15814,14.728610999999999,40.664722,11.0,50.0
15815,14.728610999999999,40.664722,11.0,50.0
15816,14.728610999999999,40.664722,11.0,50.0
15817,14.728610999999999,40.664722,11.0,50.0
15818,14.728610999999999,40.664722,11.0,50.0
15819,14.728610999999999,40.664722,11.0,50.0
15820,14.728610999999999,40.664722,11.0,50.0
15821,14.728610999999999,40.664722,11.0,2193.0
15822,16.091667,41.408333,0.0,0.03
15823,16.091667,41.408333,0.0,0.07
15824,9.665833000000001,40.868889,2.0,40.0
15825,9.665833000000001,40.868889,2.0,120.0
15826,9.665833000000001,40.868889,2.0,200.0
15827,9.685278,40.793889,2.0,50.0
15828,9.685278,40.793889,2.0,60.0
15829,9.685278,40.793889,2.0,130.0
15830,9.803056,40.563889,2.0,20.0
15831,9.803056,40.563889,2.0,70.0
15832,9.803056,40.563889,2.0,90.0
15833,14.472778,40.695833,6.0,20.0
15834,14.472778,40.695833,6.0,24.0
15835,14.472778,40.695833,6.0,280.0
15836,14.472778,40.695833,6.0,701.0
15837,14.472778,40.695833,6.0,1300.0
15838,14.472778,40.695833,6.0,1674.0
15839,14.472778,40.695833,6.0,2131.0
15840,14.472778,40.695833,6.0,2660.0
15841,14.472778,40.695833,6.0,3113.0
15842,14.472778,40.695833,6.0,4585.0
15843,14.472778,40.695833,6.0,4590.0
15844,14.472778,40.695833,0.0,70.1
15845,14.472778,40.695833,0.0,100.0
15846,14.472778,40.695833,0.0,516.0
15847,14.472778,40.695833,0.0,2667.2
15848,14.469722,40.726389000000005,6.0,500.0
15849,14.469722,40.726389000000005,6.0,1502.0
15850,14.469722,40.726389000000005,6.0,2290.0
15860,10.778889,42.902778000000005,2.0,1380.0
15861,10.778889,42.902778000000005,2.0,1430.0
15862,10.778889,42.902778000000005,2.0,2050.0
15863,10.778889,42.902778000000005,2.0,3330.0
15864,10.778889,42.902778000000005,2.0,3700.0
15865,10.778889,42.902778000000005,2.0,4340.0
15866,10.778889,42.902778000000005,2.0,6080.0
15867,10.778889,42.902778000000005,2.0,6660.0
15868,10.778889,42.902778000000005,2.0,7220.0
15869,10.778889,42.902778000000005,2.0,10630.0
15870,10.778889,42.902778000000005,2.0,11020.0
15871,10.778889,42.902778000000005,2.0,19080.0
15872,10.778889,42.902778000000005,2.0,28210.0
15873,13.436110999999999,41.253333000000005,2.0,500.0
15874,13.436110999999999,41.253333000000005,2.0,542.0
15875,13.436110999999999,41.253333000000005,2.0,632.0
15876,13.436110999999999,41.253333000000005,2.0,896.0
15877,13.436110999999999,41.253333000000005,2.0,1000.0
15878,13.436110999999999,41.253333000000005,2.0,1680.0
15879,13.436110999999999,41.253333000000005,2.0,1750.0
15880,13.436110999999999,41.253333000000005,2.0,2710.0
15881,13.436110999999999,41.253333000000005,2.0,3090.0
15882,13.436110999999999,41.253333000000005,2.0,4310.0
15883,13.436110999999999,41.253333000000005,2.0,4700.0
15884,13.436110999999999,41.253333000000005,2.0,5850.0
15885,13.436110999999999,41.253333000000005,2.0,10240.0
15886,13.436110999999999,41.253333000000005,2.0,12584.0
15887,13.436110999999999,41.253333000000005,2.0,14460.0
15897,9.529167,39.107222,2.0,1400.0
15898,9.243611,39.211667,2.0,250.0
15899,9.243611,39.211667,2.0,750.0
15900,9.243611,39.211667,2.0,800.0
15901,9.243611,39.211667,2.0,1100.0
15902,9.243611,39.211667,2.0,1800.0
15903,9.243611,39.211667,2.0,2000.0
15904,9.243611,39.211667,2.0,3200.0
15905,9.243611,39.211667,2.0,11640.0
15906,16.138889000000002,38.726389000000005,0.0,300.0
15907,16.138889000000002,38.726389000000005,0.0,4461.0
15908,16.136389,38.728889,16.0,1360.0
15909,16.097222,38.714444,1.0,100.0
15920,9.069722,39.191666999999995,2.0,1200.0
15921,9.069722,39.191666999999995,2.0,1600.0
15922,9.069722,39.191666999999995,2.0,1900.0
15923,9.069722,39.191666999999995,2.0,2100.0
15924,13.968333,40.985,0.0,128.2
15925,13.968333,40.985,0.0,130.0
15926,13.968333,40.985,2.0,200.0
15927,13.968333,40.985,0.0,343.7
15928,13.968333,40.985,2.0,1000.0
15929,13.968333,40.985,2.0,1117.0
15930,13.968333,40.985,2.0,2069.0
15931,13.968333,40.985,2.0,3257.0
15932,13.968333,40.985,2.0,3260.0
15933,13.968333,40.985,2.0,3437.0
15934,13.968333,40.985,2.0,5300.0
15935,13.968333,40.985,0.0,5375.0
15936,13.968333,40.985,2.0,7300.0
16099,12.297444,45.345814000000004,5.0,17.0
16100,12.315296,45.358841999999996,5.0,64.0
16101,12.417778,45.487563,5.0,49.0
16102,12.439236,45.475722999999995,5.0,130.0
16103,12.41456,45.488405,5.0,41.0
16104,12.367481,45.426590000000004,5.0,162.0
16105,12.261395,45.432854,5.0,36.0
16106,12.327828,45.422546999999994,5.0,33.0
16107,12.433056,45.470185,5.0,133.0
16108,12.263111,45.391882,5.0,32.0
16109,12.395783,45.478396000000004,5.0,178.0
16110,12.323879,45.373073,5.0,74.0
16111,12.409708,45.48502,5.0,137.0
16112,12.343653999999999,45.461288,5.0,83.0
16113,12.277874,45.448512,5.0,69.0
16114,12.243542,45.281827,5.0,22.0
16115,12.300533999999999,45.403695,5.0,29.0
16116,12.417392,45.482599,5.0,156.0
16117,12.408764999999999,45.483711,5.0,73.0
16118,12.263798,45.35836,5.0,45.0
16119,12.341046,45.402008,5.0,43.0
16120,12.422756,45.448512,5.0,51.0
16121,12.417436,45.510092,5.0,132.0
16122,12.420397,45.497053,5.0,136.0
16123,12.411085,45.496241,5.0,123.0
16124,12.255215,45.32481,5.0,19.0
16125,12.340222,45.448276,5.0,79.0
16126,12.369885,45.420325,5.0,161.0
18628,13.5415,43.63483333,18.0,20.0
18630,13.0255,43.88816667,14.0,30.0
18632,12.59116667,44.111000000000004,11.0,120.0
18633,12.38216667,44.38816667,12.0,110.0
18635,12.34016667,44.67533333,14.0,60.0
18636,12.3915,44.7425,11.0,50.0
18637,12.52983333,44.87816667,13.0,50.0
18639,12.35816667,45.1545,17.0,60.0
18640,12.357000000000001,45.30166667,12.0,90.0
18642,12.427999999999999,45.38933333,7.0,100.0
18643,12.72716667,45.48966667,12.0,80.0
18644,13.24166667,45.571000000000005,13.0,40.0
18645,13.110999999999999,45.60833333,10.0,140.0
18646,13.37916667,45.63816667,11.0,70.0
18647,13.2,45.6535,11.0,130.0
18648,13.58683333,45.72083333,11.0,70.0
18795,12.498515,44.911262,5.0,135.0
18913,13.963201999999999,40.732428000000006,4.5,31.0
18914,13.963201999999999,40.732428000000006,4.5,32.0
18915,13.963201999999999,40.732428000000006,4.5,34.0
18916,13.963201999999999,40.732428000000006,4.5,34.0
18917,13.963201999999999,40.732428000000006,4.5,35.0
18918,13.963201999999999,40.732428000000006,4.5,35.0
18919,13.963201999999999,40.732428000000006,4.5,37.0
18920,13.963201999999999,40.732428000000006,4.5,37.0
18921,13.963201999999999,40.732428000000006,4.5,41.0
18922,13.963201999999999,40.732428000000006,4.5,42.0
18923,13.963201999999999,40.732428000000006,4.5,43.0
18924,13.963201999999999,40.732428000000006,4.5,44.0
18925,13.963201999999999,40.732428000000006,4.5,44.0
18926,13.963201999999999,40.732428000000006,4.5,47.0
18927,13.963201999999999,40.732428000000006,4.5,50.0
18928,13.963201999999999,40.732428000000006,4.5,51.0
18929,13.963201999999999,40.732428000000006,4.5,64.0
18930,13.963201999999999,40.732428000000006,4.5,65.0
18931,13.963201999999999,40.732428000000006,4.5,66.0
18932,13.963201999999999,40.732428000000006,4.5,71.0
18933,14.090027,40.777797,4.5,40.0
18934,14.090027,40.777797,4.5,41.0
18935,14.090027,40.777797,4.5,42.0
18936,14.090027,40.777797,4.5,43.0
18937,14.090027,40.777797,4.5,44.0
18938,14.090027,40.777797,4.5,45.0
18939,14.090027,40.777797,4.5,47.0
18940,14.090027,40.777797,4.5,47.0
18941,14.090027,40.777797,4.5,48.0
18942,14.090027,40.777797,4.5,49.0
18943,14.090027,40.777797,4.5,49.0
18944,14.090027,40.777797,4.5,50.0
18945,14.090027,40.777797,4.5,52.0
18946,14.090027,40.777797,4.5,53.0
18947,14.090027,40.777797,4.5,60.0
18948,14.090027,40.777797,4.5,62.0
18949,14.090027,40.777797,4.5,67.0
18950,14.159385,40.796481,4.5,8.0
18951,14.159385,40.796481,4.5,42.0
18952,14.159385,40.796481,4.5,42.0
18953,14.159385,40.796481,4.5,43.0
18954,14.159385,40.796481,4.5,45.0
18955,14.159385,40.796481,4.5,49.0
18956,14.159385,40.796481,4.5,49.0
18957,14.159385,40.796481,4.5,51.0
18958,14.159385,40.796481,4.5,52.0
18959,14.159385,40.796481,4.5,54.0
18960,14.159385,40.796481,4.5,57.0
18961,14.159385,40.796481,4.5,57.0
18962,14.159385,40.796481,4.5,57.0
18963,14.159385,40.796481,4.5,59.0
18964,14.159385,40.796481,4.5,64.0
18965,14.159385,40.796481,4.5,64.0
18966,14.159385,40.796481,4.5,71.0
18967,14.207792999999999,40.800671,4.5,40.0
18968,14.207792999999999,40.800671,4.5,41.0
18969,14.207792999999999,40.800671,4.5,46.0
18970,14.207792999999999,40.800671,4.5,47.0
18971,14.207792999999999,40.800671,4.5,48.0
18972,14.207792999999999,40.800671,4.5,49.0
18973,14.207792999999999,40.800671,4.5,57.0
18974,14.207792999999999,40.800671,4.5,63.0
18975,14.207792999999999,40.800671,4.5,64.0
18976,14.207792999999999,40.800671,4.5,68.0
18977,14.207792999999999,40.800671,4.5,68.0
19055,9.315806,42.841318,10.0,20.0
19056,9.315806,42.841318,10.0,20.0
19057,9.315806,42.841318,10.0,20.0
19058,9.315806,42.841318,10.0,20.0
19059,9.315806,42.841318,10.0,20.0
19060,9.315806,42.841318,10.0,20.0
19061,9.315806,42.841318,10.0,20.0
19062,9.315806,42.841318,10.0,20.0
19063,9.315806,42.841318,10.0,20.0
19064,9.315806,42.841318,10.0,20.0
19065,9.315806,42.841318,10.0,20.0
19066,9.315806,42.841318,10.0,20.0
19067,9.315806,42.841318,10.0,20.0
19068,9.315806,42.841318,10.0,20.0
19069,9.315806,42.841318,10.0,20.0
19070,9.315806,42.841318,10.0,30.0
19071,9.315806,42.841318,10.0,30.0
19072,9.315806,42.841318,10.0,30.0
19073,9.315806,42.841318,10.0,30.0
19074,9.315806,42.841318,10.0,30.0
19075,9.315806,42.841318,10.0,30.0
19076,9.315806,42.841318,10.0,30.0
19077,9.315806,42.841318,10.0,30.0
19078,9.315806,42.841318,10.0,30.0
19079,9.315806,42.841318,10.0,30.0
19080,9.315806,42.841318,10.0,30.0
19081,9.315806,42.841318,10.0,30.0
19082,9.315806,42.841318,10.0,30.0
19083,9.315806,42.841318,10.0,30.0
19084,9.315806,42.841318,10.0,30.0
19085,9.315806,42.841318,10.0,130.0
19086,9.315806,42.841318,10.0,130.0
19087,9.315806,42.841318,10.0,130.0
19088,9.315806,42.841318,10.0,130.0
19089,9.315806,42.841318,10.0,130.0
19090,9.315806,42.841318,10.0,130.0
19091,9.315806,42.841318,10.0,130.0
19092,9.315806,42.841318,10.0,130.0
19093,9.315806,42.841318,10.0,130.0
19094,9.315806,42.841318,10.0,130.0
19095,9.315806,42.841318,10.0,130.0
19096,9.315806,42.841318,10.0,130.0
19097,9.315806,42.841318,10.0,130.0
19098,9.315806,42.841318,10.0,130.0
19099,9.315806,42.841318,10.0,130.0
19100,8.764089,42.557139,10.0,10.0
19101,8.764089,42.557139,10.0,10.0
19102,8.764089,42.557139,10.0,10.0
19103,8.764089,42.557139,10.0,10.0
19104,8.764089,42.557139,10.0,10.0
19105,8.764089,42.557139,10.0,10.0
19106,8.764089,42.557139,10.0,10.0
19107,8.764089,42.557139,10.0,10.0
19108,8.764089,42.557139,10.0,10.0
19109,8.764089,42.557139,10.0,10.0
19110,8.764089,42.557139,10.0,10.0
19111,8.764089,42.557139,10.0,10.0
19112,8.764089,42.557139,10.0,10.0
19113,8.764089,42.557139,10.0,10.0
19114,8.764089,42.557139,10.0,10.0
19115,8.764089,42.557139,10.0,20.0
19116,8.764089,42.557139,10.0,20.0
19117,8.764089,42.557139,10.0,20.0
19118,8.764089,42.557139,10.0,20.0
19119,8.764089,42.557139,10.0,20.0
19120,8.764089,42.557139,10.0,20.0
19121,8.764089,42.557139,10.0,20.0
19122,8.764089,42.557139,10.0,20.0
19123,8.764089,42.557139,10.0,20.0
19124,8.764089,42.557139,10.0,20.0
19125,8.764089,42.557139,10.0,20.0
19126,8.764089,42.557139,10.0,20.0
19127,8.764089,42.557139,10.0,20.0
19128,8.764089,42.557139,10.0,20.0
19129,8.764089,42.557139,10.0,20.0
19130,8.764089,42.557139,10.0,80.0
19131,8.764089,42.557139,10.0,80.0
19132,8.764089,42.557139,10.0,80.0
19133,8.764089,42.557139,10.0,80.0
19134,8.764089,42.557139,10.0,80.0
19135,8.764089,42.557139,10.0,80.0
19136,8.764089,42.557139,10.0,80.0
19137,8.764089,42.557139,10.0,80.0
19138,8.764089,42.557139,10.0,80.0
19139,8.764089,42.557139,10.0,80.0
19140,8.764089,42.557139,10.0,80.0
19141,8.764089,42.557139,10.0,80.0
19142,8.764089,42.557139,10.0,80.0
19143,8.764089,42.557139,10.0,80.0
19144,8.764089,42.557139,10.0,80.0
19235,10.332151,43.469621999999994,10.0,109.0
19236,10.332151,43.469621999999994,10.0,139.0
19237,10.332151,43.469621999999994,10.0,205.0
19238,10.332151,43.469621999999994,10.0,205.0
19239,10.332151,43.469621999999994,10.0,258.0
19240,10.332151,43.469621999999994,10.0,395.0
19241,10.332151,43.469621999999994,10.0,404.0
19242,10.332151,43.469621999999994,10.0,407.0
19243,10.332151,43.469621999999994,10.0,932.0
19244,10.33178056,43.46990278,10.0,96.0
19245,10.33178056,43.46990278,10.0,172.0
19246,10.33178056,43.46990278,10.0,186.0
19247,10.33178056,43.46990278,10.0,220.0
19248,10.33178056,43.46990278,10.0,237.0
19249,10.33178056,43.46990278,10.0,299.0
19250,10.33178056,43.46990278,10.0,323.0
19251,10.33178056,43.46990278,10.0,329.0
19252,10.33178056,43.46990278,10.0,499.0
19253,17.145217000000002,40.447612,10.0,50.0
19254,17.145217000000002,40.447612,10.0,50.0
19255,17.145217000000002,40.447612,10.0,60.0
19256,17.145217000000002,40.447612,10.0,150.0
19257,17.140667999999998,40.45029,10.0,30.0
19258,17.140667999999998,40.45029,10.0,40.0
19259,17.140667999999998,40.45029,10.0,40.0
19260,17.140667999999998,40.45029,10.0,340.0
19261,17.150451999999998,40.452641,10.0,30.0
19262,17.150451999999998,40.452641,10.0,30.0
19263,17.150451999999998,40.452641,10.0,60.0
19264,17.150451999999998,40.452641,10.0,210.0
19265,17.140839,40.453947,10.0,40.0
19266,17.140839,40.453947,10.0,40.0
19267,17.140839,40.453947,10.0,50.0
19268,17.140839,40.453947,10.0,80.0
19362,9.322266,42.851643,15.0,60.0
19363,8.938036,42.643069,15.0,50.0
19364,9.3679,41.590578,15.0,60.0
19365,13.897464999999999,40.752274,15.0,70.0
19366,9.453076,42.964674,15.0,40.0
19369,13.925946,40.699206,15.0,60.0
19370,9.45754,42.707808,15.0,70.0
19381,10.429986,43.384508000000004,10.0,270.0
19382,10.429986,43.384508000000004,10.0,300.0
19383,10.429986,43.384508000000004,10.0,300.0
19384,10.429986,43.384508000000004,10.0,360.0
19385,10.429986,43.384508000000004,10.0,470.0
19386,10.429986,43.384508000000004,10.0,520.0
19387,10.347726,42.342436,10.0,20.0
19388,10.347726,42.342436,10.0,30.0
19389,10.347726,42.342436,10.0,40.0
19390,10.347726,42.342436,10.0,40.0
19391,10.347726,42.342436,10.0,60.0
19392,10.347726,42.342436,10.0,70.0
19393,10.897041999999999,42.392154,10.0,10.0
19394,10.897041999999999,42.392154,10.0,80.0
19395,10.897041999999999,42.392154,10.0,80.0
19396,10.897041999999999,42.392154,10.0,100.0
19397,10.897041999999999,42.392154,10.0,110.0
19398,10.897041999999999,42.392154,10.0,180.0
19399,10.447975999999999,42.790492,10.0,30.0
19400,10.447975999999999,42.790492,10.0,30.0
19401,10.447975999999999,42.790492,10.0,30.0
19402,10.447975999999999,42.790492,10.0,40.0
19403,10.447975999999999,42.790492,10.0,50.0
19404,10.447975999999999,42.790492,10.0,50.0
19405,9.843728,43.021846999999994,10.0,20.0
19406,9.843728,43.021846999999994,10.0,20.0
19407,9.843728,43.021846999999994,10.0,20.0
19408,9.843728,43.021846999999994,10.0,20.0
19409,9.843728,43.021846999999994,10.0,40.0
19410,9.843728,43.021846999999994,10.0,60.0
19559,14.975783999999999,44.05325,10.0,17.0
19560,14.975783999999999,44.05325,10.0,41.0
19561,16.797815,42.752994,10.0,74.0
19562,13.635016,45.538162,10.0,27.0
19563,13.635016,45.538162,10.0,92.0
19564,15.216116,43.935965,10.0,15.0
19565,15.216116,43.935965,10.0,54.0
19566,16.280898999999998,43.520227,10.0,94.0
19567,15.194829,44.140887,10.0,66.0
20942,8.764089,42.557139,10.0,10.0
20943,8.764089,42.557139,10.0,10.0
20944,8.764089,42.557139,10.0,10.0
20945,8.764089,42.557139,10.0,10.0
20946,8.764089,42.557139,10.0,10.0
20947,8.764089,42.557139,10.0,50.0
20948,8.764089,42.557139,10.0,50.0
20949,8.764089,42.557139,10.0,50.0
20950,8.764089,42.557139,10.0,50.0
20951,8.764089,42.557139,10.0,50.0
20952,8.764089,42.557139,10.0,100.0
20953,8.764089,42.557139,10.0,100.0
20954,8.764089,42.557139,10.0,100.0
20955,8.764089,42.557139,10.0,100.0
20956,8.764089,42.557139,10.0,100.0
20957,8.764089,42.557139,10.0,850.0
20958,8.764089,42.557139,10.0,850.0
20959,8.764089,42.557139,10.0,850.0
20960,8.764089,42.557139,10.0,850.0
20961,8.764089,42.557139,10.0,850.0
21641,12.498515,44.911262,5.0,110.0
21920,12.498515,44.911262,5.0,142.0
23933,12.498515,44.911262,5.0,87.0
